Date,EURBRL
01/01/2009,"3,2526704"
02/01/2009,"3,2192334"
05/01/2009,"3,0224194"
06/01/2009,"2,8872222"
07/01/2009,"2,957207"
08/01/2009,"3,03333762"
09/01/2009,"3,01741812"
12/01/2009,"3,0347104"
13/01/2009,"2,96888015"
14/01/2009,"3,04434557"
15/01/2009,"3,05607708"
16/01/2009,"3,042723"
19/01/2009,"2,98802075"
20/01/2009,"2,97965625"
21/01/2009,"2,99355772"
22/01/2009,"2,99108009"
23/01/2009,"2,9822093"
26/01/2009,"2,98504668"
27/01/2009,"2,9953871"
28/01/2009,"2,9409839"
29/01/2009,"2,898336"
30/01/2009,"2,9041079"
02/02/2009,"2,997774"
03/02/2009,"3,001407"
04/02/2009,"2,93958126"
05/02/2009,"2,927994"
06/02/2009,"2,91946746"
09/02/2009,"2,9019914"
10/02/2009,"2,9221785"
11/02/2009,"2,90632878"
12/02/2009,"2,9452824"
13/02/2009,"2,9016672"
16/02/2009,"2,9000268"
17/02/2009,"2,913196"
18/02/2009,"2,9512836"
19/02/2009,"2,97810115"
20/02/2009,"3,09067745"
23/02/2009,"3,0172857"
24/02/2009,"3,0664444"
25/02/2009,"3,0442104"
26/02/2009,"2,9810992"
27/02/2009,"3,0029444"
02/03/2009,"3,0613594"
03/03/2009,"3,056067"
04/03/2009,"2,9950472"
05/03/2009,"2,983201"
06/03/2009,"2,9975274"
09/03/2009,"2,9848824"
10/03/2009,"2,97939876"
11/03/2009,"2,99180504"
12/03/2009,"2,98955072"
13/03/2009,"2,98161255"
16/03/2009,"2,8657215"
17/03/2009,"2,9654977"
18/03/2009,"3,10160539"
19/03/2009,"3,0750911"
20/03/2009,"3,0742856"
23/03/2009,"3,091059"
24/03/2009,"3,0247772"
25/03/2009,"3,03903525"
26/03/2009,"3,02382558"
27/03/2009,"3,02377906"
30/03/2009,"3,0621786"
31/03/2009,"3,0551601"
01/04/2009,"3,01605045"
02/04/2009,"2,9970966"
03/04/2009,"2,96597598"
06/04/2009,"2,9776986"
07/04/2009,"2,95532743"
08/04/2009,"2,9114225"
09/04/2009,"2,8607775"
10/04/2009,"2,87316303"
14/04/2009,"2,88922941"
15/04/2009,"2,901565"
16/04/2009,"2,8690683"
17/04/2009,"2,8461104"
20/04/2009,"2,88266275"
21/04/2009,"2,8952509"
22/04/2009,"2,8615201"
23/04/2009,"2,9002135"
24/04/2009,"2,90748425"
27/04/2009,"2,8594524"
28/04/2009,"2,82816504"
29/04/2009,"2,86339842"
30/04/2009,"2,86988848"
01/05/2009,"2,890898"
04/05/2009,"2,86109616"
05/05/2009,"2,85816797"
06/05/2009,"2,8104065"
07/05/2009,"2,81673936"
08/05/2009,"2,8269501"
11/05/2009,"2,78526824"
12/05/2009,"2,8099818"
13/05/2009,"2,85491301"
14/05/2009,"2,86088505"
15/05/2009,"2,80563216"
18/05/2009,"2,81543688"
19/05/2009,"2,7870624"
20/05/2009,"2,77816154"
21/05/2009,"2,83273625"
22/05/2009,"2,83332"
25/05/2009,"2,82935206"
26/05/2009,"2,84534967"
27/05/2009,"2,782596"
28/05/2009,"2,79144976"
29/05/2009,"2,78168562"
02/06/2009,"2,7762123"
03/06/2009,"2,7534306"
04/06/2009,"2,75273254"
05/06/2009,"2,7323364"
08/06/2009,"2,74617904"
09/06/2009,"2,73071282"
10/06/2009,"2,72307937"
11/06/2009,"2,7464382"
12/06/2009,"2,6887"
15/06/2009,"2,69802225"
16/06/2009,"2,72046225"
17/06/2009,"2,7577365"
18/06/2009,"2,6585832"
19/06/2009,"2,72080895"
22/06/2009,"2,7890344"
23/06/2009,"2,8146"
24/06/2009,"2,735028"
25/06/2009,"2,74150698"
26/06/2009,"2,711071"
29/06/2009,"2,75229528"
30/06/2009,"2,75518236"
01/07/2009,"2,7254586"
02/07/2009,"2,72719746"
03/07/2009,"2,72273156"
04/07/2009,"2,72852874"
05/07/2009,"2,6570068"
06/07/2009,"2,75734628"
07/07/2009,"2,7307605"
08/07/2009,"2,77406344"
09/07/2009,"2,72124825"
10/07/2009,"2,80389237"
11/07/2009,"2,73758784"
13/07/2009,"2,78315496"
14/07/2009,"2,74883056"
15/07/2009,"2,72412452"
16/07/2009,"2,72601121"
17/07/2009,"2,71562214"
18/07/2009,"2,71528856"
20/07/2009,"2,705584"
21/07/2009,"2,7057576"
22/07/2009,"2,70150444"
23/07/2009,"2,66906528"
24/07/2009,"2,69075833"
25/07/2009,"2,68924337"
27/07/2009,"2,67839615"
28/07/2009,"2,6606745"
29/07/2009,"2,6614485"
30/07/2009,"2,64267495"
31/07/2009,"2,6562329"
03/08/2009,"2,64113048"
04/08/2009,"2,63862684"
05/08/2009,"2,6397288"
06/08/2009,"2,6265486"
07/08/2009,"2,58675616"
08/08/2009,"2,50886944"
10/08/2009,"2,606985"
11/08/2009,"2,618882"
12/08/2009,"2,6057928"
13/08/2009,"2,61238719"
14/08/2009,"2,6152983"
15/08/2009,"2,61740795"
16/08/2009,"2,5497"
17/08/2009,"2,5389"
18/08/2009,"2,5497"
19/08/2009,"2,65069792"
20/08/2009,"2,622736"
21/08/2009,"2,6189451"
22/08/2009,"2,58751784"
23/08/2009,"2,59385004"
24/08/2009,"2,54869236"
25/08/2009,"2,62403186"
26/08/2009,"2,6649792"
27/08/2009,"2,70050986"
28/08/2009,"2,61716482"
29/08/2009,"2,60768366"
30/08/2009,"2,61945142"
31/08/2009,"2,686379"
01/09/2009,"2,7176078"
02/09/2009,"2,6943648"
03/09/2009,"2,66069575"
04/09/2009,"2,63430144"
05/09/2009,"2,63126916"
07/09/2009,"2,63698534"
08/09/2009,"2,64360267"
09/09/2009,"2,6708292"
10/09/2009,"2,6475464"
11/09/2009,"2,63661215"
14/09/2009,"2,6553332"
15/09/2009,"2,6458812"
16/09/2009,"2,64196548"
17/09/2009,"2,66248094"
18/09/2009,"2,65637834"
19/09/2009,"2,6553618"
20/09/2009,"2,58652286"
21/09/2009,"2,59034526"
22/09/2009,"2,6700627"
23/09/2009,"2,63289306"
24/09/2009,"2,5688775"
25/09/2009,"2,6411119"
26/09/2009,"2,56961543"
27/09/2009,"2,57434124"
28/09/2009,"2,54595473"
29/09/2009,"2,60426678"
30/09/2009,"2,59665813"
01/10/2009,"2,58291144"
02/10/2009,"2,59470354"
03/10/2009,"2,59470354"
04/10/2009,"2,53027134"
05/10/2009,"2,59179731"
06/10/2009,"2,571584"
07/10/2009,"2,58730976"
08/10/2009,"2,5673736"
09/10/2009,"2,55928456"
10/10/2009,"2,4829875"
11/10/2009,"2,48383125"
12/10/2009,"2,57284233"
13/10/2009,"2,56766464"
14/10/2009,"2,54334654"
15/10/2009,"2,5444231"
16/10/2009,"2,54064198"
17/10/2009,"2,4867789"
18/10/2009,"2,47149335"
19/10/2009,"2,55441789"
20/10/2009,"2,6164825"
21/10/2009,"2,59812684"
22/10/2009,"2,59332516"
23/10/2009,"2,57280008"
26/10/2009,"2,54916406"
27/10/2009,"2,5666508"
28/10/2009,"2,58112988"
29/10/2009,"2,5714254"
30/10/2009,"2,58022622"
31/10/2009,"2,51070534"
02/11/2009,"2,60087768"
03/11/2009,"2,56358245"
04/11/2009,"2,5521488"
05/11/2009,"2,55924375"
06/11/2009,"2,5452084"
09/11/2009,"2,54752916"
10/11/2009,"2,56057087"
11/11/2009,"2,57253732"
12/11/2009,"2,57523798"
13/11/2009,"2,56838302"
16/11/2009,"2,558584"
17/11/2009,"2,543625"
18/11/2009,"2,5655916"
19/11/2009,"2,579949"
20/11/2009,"2,5747922"
23/11/2009,"2,5821534"
24/11/2009,"2,5865506"
25/11/2009,"2,6183106"
26/11/2009,"2,62222149"
27/11/2009,"2,61078775"
30/11/2009,"2,62784172"
01/12/2009,"2,60173156"
02/12/2009,"2,5871756"
03/12/2009,"2,5667352"
04/12/2009,"2,5568426"
07/12/2009,"2,5578988"
08/12/2009,"2,56679115"
09/12/2009,"2,59397808"
10/12/2009,"2,60623719"
11/12/2009,"2,57110056"
14/12/2009,"2,55656475"
15/12/2009,"2,5453724"
16/12/2009,"2,53324689"
17/12/2009,"2,56764826"
18/12/2009,"2,5625556"
21/12/2009,"2,5421937"
22/12/2009,"2,53646388"
23/12/2009,"2,52511025"
24/12/2009,"2,48336816"
28/12/2009,"2,4949792"
29/12/2009,"2,4895976"
30/12/2009,"2,4933782"
31/12/2009,"2,49249"
04/01/2010,"2,4791418"
05/01/2010,"2,4945057"
06/01/2010,"2,4930137"
07/01/2010,"2,48923535"
08/01/2010,"2,4954656"
11/01/2010,"2,5115079"
12/01/2010,"2,51474175"
13/01/2010,"2,53539598"
14/01/2010,"2,55741577"
15/01/2010,"2,53826584"
18/01/2010,"2,53985732"
19/01/2010,"2,53302534"
20/01/2010,"2,5249845"
21/01/2010,"2,53840768"
22/01/2010,"2,57123756"
25/01/2010,"2,5229391"
26/01/2010,"2,58097536"
27/01/2010,"2,59480384"
28/01/2010,"2,60862464"
29/01/2010,"2,59602669"
01/02/2010,"2,59320576"
02/02/2010,"2,55761792"
03/02/2010,"2,571315"
04/02/2010,"2,58423372"
05/02/2010,"2,57459225"
08/02/2010,"2,5553461"
09/02/2010,"2,539654"
10/02/2010,"2,54420488"
11/02/2010,"2,5332223"
12/02/2010,"2,5338789"
15/02/2010,"2,51771886"
16/02/2010,"2,53583275"
17/02/2010,"2,4934299"
18/02/2010,"2,4487378"
19/02/2010,"2,4549242"
22/02/2010,"2,45891616"
23/02/2010,"2,46082704"
24/02/2010,"2,46256626"
25/02/2010,"2,485026"
26/02/2010,"2,4603138"
01/03/2010,"2,43837568"
02/03/2010,"2,35914525"
03/03/2010,"2,4493812"
04/03/2010,"2,428783"
05/03/2010,"2,4218138"
08/03/2010,"2,43004752"
09/03/2010,"2,4226943"
10/03/2010,"2,4117288"
11/03/2010,"2,4206996"
12/03/2010,"2,4240165"
15/03/2010,"2,4087145"
16/03/2010,"2,43188078"
17/03/2010,"2,4206356"
18/03/2010,"2,41075604"
19/03/2010,"2,428635"
22/03/2010,"2,4403435"
23/03/2010,"2,39775596"
24/03/2010,"2,38993091"
25/03/2010,"2,39319171"
26/03/2010,"2,44426017"
29/03/2010,"2,4371346"
30/03/2010,"2,407692174"
31/03/2010,"2,4047433"
01/04/2010,"2,3974132"
02/04/2010,"2,3825735"
05/04/2010,"2,37403425"
06/04/2010,"2,3486694"
07/04/2010,"2,3714065"
08/04/2010,"2,3680188"
09/04/2010,"2,3906729"
12/04/2010,"2,387413404"
13/04/2010,"2,33155945"
14/04/2010,"2,3839884"
15/04/2010,"2,37489"
16/04/2010,"2,37087"
19/04/2010,"2,374046198"
20/04/2010,"2,35413325"
21/04/2010,"2,3398728"
22/04/2010,"2,3398118"
23/04/2010,"2,35880268"
26/04/2010,"2,33696"
27/04/2010,"2,3243285"
28/04/2010,"2,32262591"
29/04/2010,"2,2954791"
30/04/2010,"2,29778804"
03/05/2010,"2,28453918"
04/05/2010,"2,26761759"
05/05/2010,"2,28010178"
06/05/2010,"2,31683512"
07/05/2010,"2,35940715"
10/05/2010,"2,26778973"
11/05/2010,"2,2417463"
12/05/2010,"2,24081725"
13/05/2010,"2,219403"
14/05/2010,"2,22770975"
17/05/2010,"2,234396898"
18/05/2010,"2,21150664"
19/05/2010,"2,266705548"
20/05/2010,"2,35185344"
21/05/2010,"2,32382844"
24/05/2010,"2,29944456"
25/05/2010,"2,3061027"
26/05/2010,"2,26730826"
27/05/2010,"2,2414888"
28/05/2010,"2,22596467"
31/05/2010,"2,22917184"
01/06/2010,"2,2431654"
02/06/2010,"2,2404116"
03/06/2010,"2,21348204"
04/06/2010,"2,20097941"
07/06/2010,"2,2341828"
08/06/2010,"2,226234"
09/06/2010,"2,2083738"
10/06/2010,"2,19415161"
11/06/2010,"2,1938476"
14/06/2010,"2,20077655"
15/06/2010,"2,19809182"
16/06/2010,"2,1995508"
17/06/2010,"2,21014666"
18/06/2010,"2,19552524"
21/06/2010,"2,17152068"
22/06/2010,"2,168127652"
23/06/2010,"2,21823476"
24/06/2010,"2,1939576"
25/06/2010,"2,202572"
28/06/2010,"2,1870486"
29/06/2010,"2,20298508"
30/06/2010,"2,18991252"
01/07/2010,"2,249506461"
02/07/2010,"2,22930435"
05/07/2010,"2,22277956"
06/07/2010,"2,229954"
07/07/2010,"2,229548"
08/07/2010,"2,24379587"
09/07/2010,"2,21956268"
12/07/2010,"2,2154176"
13/07/2010,"2,23350908"
14/07/2010,"2,24986634"
15/07/2010,"2,287371"
16/07/2010,"2,30418876"
19/07/2010,"2,310882721"
20/07/2010,"2,28647667"
21/07/2010,"2,261404668"
22/07/2010,"2,270675602"
23/07/2010,"2,27122105"
26/07/2010,"2,29457376"
27/07/2010,"2,28697323"
28/07/2010,"2,28940393"
29/07/2010,"2,307634832"
30/07/2010,"2,29466665"
02/08/2010,"2,29592217"
03/08/2010,"2,31891751"
04/08/2010,"2,30572056"
05/08/2010,"2,3107623"
06/08/2010,"2,335288"
09/08/2010,"2,316573"
10/08/2010,"2,3205424"
11/08/2010,"2,27057715"
12/08/2010,"2,266167552"
13/08/2010,"2,258025"
16/08/2010,"2,249352006"
17/08/2010,"2,25081684"
18/08/2010,"2,24773264"
19/08/2010,"2,254659572"
20/08/2010,"2,23452595"
23/08/2010,"2,22469803"
24/08/2010,"2,22454497"
25/08/2010,"2,234928168"
26/08/2010,"2,23137915"
27/08/2010,"2,22321453"
30/08/2010,"2,2220055"
31/08/2010,"2,21982684"
01/09/2010,"2,2272"
02/09/2010,"2,23056085"
03/09/2010,"2,2253318"
06/09/2010,"2,21942883"
07/09/2010,"2,193121"
08/09/2010,"2,1885416"
09/09/2010,"2,1876024"
10/09/2010,"2,1806928"
13/09/2010,"2,209049675"
14/09/2010,"2,21021447"
15/09/2010,"2,239952468"
16/09/2010,"2,2461465"
17/09/2010,"2,23246352"
20/09/2010,"2,25532695"
21/09/2010,"2,28589373"
22/09/2010,"2,242239303"
23/09/2010,"2,287375205"
24/09/2010,"2,30999125"
27/09/2010,"2,29650293"
28/09/2010,"2,319113"
29/09/2010,"2,3208484"
30/09/2010,"2,31025781"
01/10/2010,"2,31464352"
04/10/2010,"2,320822"
05/10/2010,"2,3090615"
06/10/2010,"2,344128"
07/10/2010,"2,33616872"
08/10/2010,"2,33163018"
11/10/2010,"2,30605053"
12/10/2010,"2,323805"
13/10/2010,"2,30771625"
14/10/2010,"2,33663026"
15/10/2010,"2,30996514"
18/10/2010,"2,329932"
19/10/2010,"2,320708"
20/10/2010,"2,33897"
21/10/2010,"2,3570316"
22/10/2010,"2,375605"
25/10/2010,"2,37003114"
26/10/2010,"2,358264282"
27/10/2010,"2,3677506"
28/10/2010,"2,38604875"
29/10/2010,"2,36376875"
01/11/2010,"2,37051087"
02/11/2010,"2,38747257"
03/11/2010,"2,3860503"
04/11/2010,"2,38242822"
05/11/2010,"2,355637"
08/11/2010,"2,35241984"
09/11/2010,"2,33527328"
10/11/2010,"2,3556789"
11/11/2010,"2,344683"
12/11/2010,"2,35765647"
15/11/2010,"2,334556"
16/11/2010,"2,3415168"
17/11/2010,"2,33951886"
18/11/2010,"2,3361994"
19/11/2010,"2,34903025"
22/11/2010,"2,34002988"
23/11/2010,"2,32025508"
24/11/2010,"2,30021316"
25/11/2010,"2,2881339"
26/11/2010,"2,29137408"
29/11/2010,"2,2489266"
30/11/2010,"2,22730695"
01/12/2010,"2,23848198"
02/12/2010,"2,248140905"
03/12/2010,"2,25814418"
06/12/2010,"2,23360705"
07/12/2010,"2,2210188"
08/12/2010,"2,2417308"
09/12/2010,"2,25539604"
10/12/2010,"2,2552035"
13/12/2010,"2,2677735"
14/12/2010,"2,2613401"
15/12/2010,"2,24645547"
16/12/2010,"2,25598191"
17/12/2010,"2,254464"
20/12/2010,"2,23854722"
21/12/2010,"2,2253"
22/12/2010,"2,2278987"
23/12/2010,"2,22114375"
24/12/2010,"2,21836747"
27/12/2010,"2,2220432"
28/12/2010,"2,211592896"
29/12/2010,"2,21870194"
30/12/2010,"2,2101276"
31/12/2010,"2,222076"
03/01/2011,"2,199213585"
04/01/2011,"2,22060975"
05/01/2011,"2,20363"
06/01/2011,"2,18762384"
07/01/2011,"2,1712938"
10/01/2011,"2,1894507"
11/01/2011,"2,130846048"
12/01/2011,"2,13258122"
13/01/2011,"2,2284488"
14/01/2011,"2,24876924"
17/01/2011,"2,2338288"
18/01/2011,"2,2361327"
19/01/2011,"2,24615"
20/01/2011,"2,20212384"
21/01/2011,"2,20843699"
24/01/2011,"2,27872905"
25/01/2011,"2,2814136"
26/01/2011,"2,21804198"
27/01/2011,"2,294763506"
28/01/2011,"2,28777696"
31/01/2011,"2,2852903"
01/02/2011,"2,30247204"
02/02/2011,"2,29685378"
03/02/2011,"2,27269448"
04/02/2011,"2,27850806"
07/02/2011,"2,21247889"
08/02/2011,"2,26788125"
09/02/2011,"2,2799316"
10/02/2011,"2,26350882"
11/02/2011,"2,25716998"
14/02/2011,"2,2461087"
15/02/2011,"2,252176164"
16/02/2011,"2,2651668"
17/02/2011,"2,2639764"
18/02/2011,"2,27510184"
21/02/2011,"2,28097325"
22/02/2011,"2,28451518"
23/02/2011,"2,299296"
24/02/2011,"2,29735259"
25/02/2011,"2,282832"
28/02/2011,"2,292411836"
01/03/2011,"2,28207406"
02/03/2011,"2,2935483"
03/03/2011,"2,30220715"
04/03/2011,"2,2977528"
07/03/2011,"2,306909835"
08/03/2011,"2,2985638"
09/03/2011,"2,30019847"
10/03/2011,"2,2890882"
11/03/2011,"2,3105124"
14/03/2011,"2,32952808"
15/03/2011,"2,32615152"
16/03/2011,"2,3267908"
17/03/2011,"2,35643927"
18/03/2011,"2,36567442"
21/03/2011,"2,3639756"
22/03/2011,"2,35056438"
23/03/2011,"2,341596"
24/03/2011,"2,348495175"
25/03/2011,"2,33212752"
28/03/2011,"2,3368982"
29/03/2011,"2,33630931"
30/03/2011,"2,299442"
31/03/2011,"2,303757216"
01/04/2011,"2,30462694"
03/04/2011,"2,29253804"
04/04/2011,"2,28211284"
05/04/2011,"2,2849933"
06/04/2011,"2,31451098"
07/04/2011,"2,277847"
08/04/2011,"2,27918971"
09/04/2011,"2,26657102"
11/04/2011,"2,27654385"
12/04/2011,"2,3032907"
13/04/2011,"2,2991664"
14/04/2011,"2,2862994"
15/04/2011,"2,26822588"
17/04/2011,"2,26027417"
18/04/2011,"2,2603525"
19/04/2011,"2,26277975"
20/04/2011,"2,27734074"
21/04/2011,"2,27200376"
24/04/2011,"2,268511128"
25/04/2011,"2,29572"
26/04/2011,"2,297390025"
27/04/2011,"2,31450375"
28/04/2011,"2,35422783"
29/04/2011,"2,324699"
30/04/2011,"2,31634161"
02/05/2011,"2,3370036"
03/05/2011,"2,354278375"
04/05/2011,"2,37965325"
05/05/2011,"2,36275"
06/05/2011,"2,30283632"
07/05/2011,"2,31785048"
09/05/2011,"2,32195815"
10/05/2011,"2,3153656"
11/05/2011,"2,30203989"
12/05/2011,"2,3015727"
13/05/2011,"2,30782484"
15/05/2011,"2,302237848"
16/05/2011,"2,30823432"
17/05/2011,"2,3082388"
18/05/2011,"2,29674702"
19/05/2011,"2,31332244"
20/05/2011,"2,2852626"
21/05/2011,"2,2832121"
23/05/2011,"2,298179772"
24/05/2011,"2,29569645"
25/05/2011,"2,29059995"
26/05/2011,"2,292537022"
27/05/2011,"2,2867299"
28/05/2011,"2,27729812"
30/05/2011,"2,2818132"
31/05/2011,"2,27743262"
01/06/2011,"2,2831668"
02/06/2011,"2,284851"
03/06/2011,"2,3032342"
05/06/2011,"2,29860576"
06/06/2011,"2,30361556"
07/06/2011,"2,3153514"
08/06/2011,"2,308373215"
09/06/2011,"2,303179053"
10/06/2011,"2,2914703"
11/06/2011,"2,29061124"
13/06/2011,"2,2905435"
14/06/2011,"2,28164159"
15/06/2011,"2,2648654"
16/06/2011,"2,280662"
17/06/2011,"2,2831605"
18/06/2011,"2,27722952"
20/06/2011,"2,28330936"
21/06/2011,"2,28279325"
22/06/2011,"2,2713144"
23/06/2011,"2,2690073"
24/06/2011,"2,254143"
25/06/2011,"2,255574"
27/06/2011,"2,282764"
28/06/2011,"2,2650612"
29/06/2011,"2,273349419"
30/06/2011,"2,263077546"
01/07/2011,"2,2592082"
02/07/2011,"2,2465344"
04/07/2011,"2,257044625"
05/07/2011,"2,25516814"
06/07/2011,"2,24834976"
07/07/2011,"2,23344342"
08/07/2011,"2,23086204"
10/07/2011,"2,21791218"
11/07/2011,"2,2181462"
12/07/2011,"2,19938349"
13/07/2011,"2,23162095"
14/07/2011,"2,2313781"
15/07/2011,"2,22757235"
16/07/2011,"2,2193472"
18/07/2011,"2,222325"
19/07/2011,"2,21743285"
20/07/2011,"2,227557825"
21/07/2011,"2,23764045"
22/07/2011,"2,23093423"
23/07/2011,"2,23186657"
24/07/2011,"2,23559593"
25/07/2011,"2,2188717"
26/07/2011,"2,224509154"
27/07/2011,"2,24601839"
28/07/2011,"2,2394924"
29/07/2011,"2,23067118"
30/07/2011,"2,2244856"
01/08/2011,"2,22157858"
02/08/2011,"2,215368063"
03/08/2011,"2,24299878"
04/08/2011,"2,21792688"
05/08/2011,"2,2775172"
06/08/2011,"2,2548915"
08/08/2011,"2,262791331"
09/08/2011,"2,340586346"
10/08/2011,"2,29109594"
11/08/2011,"2,30898192"
15/08/2011,"2,294066913"
16/08/2011,"2,28047036"
17/08/2011,"2,27730195"
18/08/2011,"2,302831"
19/08/2011,"2,30275212"
20/08/2011,"2,29818918"
22/08/2011,"2,301398325"
23/08/2011,"2,30554282"
24/08/2011,"2,31660149"
25/08/2011,"2,3126157"
26/08/2011,"2,3232336"
27/08/2011,"2,31376"
29/08/2011,"2,31524246"
30/08/2011,"2,289303635"
31/08/2011,"2,27421075"
01/09/2011,"2,280174"
02/09/2011,"2,32987838"
03/09/2011,"2,31284918"
05/09/2011,"2,3189158"
06/09/2011,"2,324498"
07/09/2011,"2,328772865"
08/09/2011,"2,295773548"
09/09/2011,"2,29335725"
11/09/2011,"2,277261036"
12/09/2011,"2,326657335"
13/09/2011,"2,34184545"
14/09/2011,"2,36944836"
15/09/2011,"2,37017988"
16/09/2011,"2,36031895"
19/09/2011,"2,42848368"
20/09/2011,"2,45287956"
21/09/2011,"2,49061959"
22/09/2011,"2,529231984"
23/09/2011,"2,5094641"
24/09/2011,"2,50774254"
26/09/2011,"2,4950536"
27/09/2011,"2,4472962"
28/09/2011,"2,460147888"
29/09/2011,"2,48293045"
30/09/2011,"2,4722095"
03/10/2011,"2,49025384"
04/10/2011,"2,46525825"
05/10/2011,"2,44578906"
06/10/2011,"2,42603676"
07/10/2011,"2,359885"
09/10/2011,"2,35830986"
10/10/2011,"2,38172346"
11/10/2011,"2,37241872"
12/10/2011,"2,4461686"
13/10/2011,"2,395001969"
14/10/2011,"2,401934"
15/10/2011,"2,39840406"
17/10/2011,"2,427858"
18/10/2011,"2,414189875"
19/10/2011,"2,424006738"
20/10/2011,"2,4626647"
21/10/2011,"2,46086709"
22/10/2011,"2,45201472"
24/10/2011,"2,43572532"
25/10/2011,"2,4491896"
26/10/2011,"2,4413346"
27/10/2011,"2,4219948"
28/10/2011,"2,3892594"
31/10/2011,"2,34498944"
01/11/2011,"2,3790494"
02/11/2011,"2,37392768"
03/11/2011,"2,394335515"
04/11/2011,"2,40446085"
05/11/2011,"2,4041754"
07/11/2011,"2,407634913"
08/11/2011,"2,40520665"
09/11/2011,"2,3758015"
10/11/2011,"2,3955888"
11/11/2011,"2,3947274"
13/11/2011,"2,399252504"
14/11/2011,"2,39626305"
15/11/2011,"2,390978941"
16/11/2011,"2,37875211"
17/11/2011,"2,37455823"
18/11/2011,"2,40411894"
19/11/2011,"2,40323004"
21/11/2011,"2,43260286"
22/11/2011,"2,44905606"
23/11/2011,"2,48104992"
24/11/2011,"2,4996664"
25/11/2011,"2,48895311"
26/11/2011,"2,48149581"
27/11/2011,"2,50173915"
28/11/2011,"2,469384674"
29/11/2011,"2,45343045"
30/11/2011,"2,4306752"
01/12/2011,"2,42231752"
02/12/2011,"2,40167585"
03/12/2011,"2,380451878"
04/12/2011,"2,40844032"
05/12/2011,"2,38181664"
06/12/2011,"2,4015519"
07/12/2011,"2,41133722"
08/12/2011,"2,42464114"
09/12/2011,"2,41567816"
10/12/2011,"2,40770475"
12/12/2011,"2,38344008"
13/12/2011,"2,41891117"
14/12/2011,"2,43656318"
15/12/2011,"2,42127288"
16/12/2011,"2,42083596"
18/12/2011,"2,4146443"
19/12/2011,"2,4271966"
20/12/2011,"2,40981112"
21/12/2011,"2,41894014"
22/12/2011,"2,4164805"
23/12/2011,"2,423761"
24/12/2011,"2,42199425"
27/12/2011,"2,430648"
28/12/2011,"2,42619776"
29/12/2011,"2,41506096"
30/12/2011,"2,41350039"
31/12/2011,"2,41298211"
02/01/2012,"2,41934837"
03/01/2012,"2,394150915"
04/01/2012,"2,35137304"
05/01/2012,"2,357197"
06/01/2012,"2,352275"
07/01/2012,"2,35051672"
09/01/2012,"2,35121474"
10/01/2012,"2,2962436"
11/01/2012,"2,2936913"
12/01/2012,"2,28293571"
13/01/2012,"2,26784064"
14/01/2012,"2,2707344"
16/01/2012,"2,253750345"
17/01/2012,"2,267456695"
18/01/2012,"2,27421063"
19/01/2012,"2,27530355"
20/01/2012,"2,2793827"
21/01/2012,"2,27862546"
23/01/2012,"2,2818048"
24/01/2012,"2,29242608"
25/01/2012,"2,307008"
26/01/2012,"2,276337427"
27/01/2012,"2,29605724"
28/01/2012,"2,292422"
30/01/2012,"2,29446357"
31/01/2012,"2,28097704"
01/02/2012,"2,27995622"
02/02/2012,"2,25689616"
03/02/2012,"2,25699174"
04/02/2012,"2,25600256"
05/02/2012,"2,25133125"
06/02/2012,"2,26114966"
07/02/2012,"2,28333266"
08/02/2012,"2,277702196"
09/02/2012,"2,27763504"
10/02/2012,"2,27067582"
11/02/2012,"2,2639981"
12/02/2012,"2,27414428"
13/02/2012,"2,25600256"
14/02/2012,"2,25392574"
15/02/2012,"2,25633402"
16/02/2012,"2,25193685"
17/02/2012,"2,25223599"
18/02/2012,"2,24908215"
19/02/2012,"2,26106204"
20/02/2012,"2,26647969"
21/02/2012,"2,270323755"
22/02/2012,"2,25942801"
23/02/2012,"2,29031859"
24/02/2012,"2,2958682"
25/02/2012,"2,29486502"
27/02/2012,"2,2872342"
28/02/2012,"2,2866672"
29/02/2012,"2,28642537"
01/03/2012,"2,28166233"
02/03/2012,"2,28209772"
03/03/2012,"2,28139682"
04/03/2012,"2,28146549"
05/03/2012,"2,29754538"
06/03/2012,"2,30785269"
07/03/2012,"2,323613998"
08/03/2012,"2,33750803"
09/03/2012,"2,34765702"
10/03/2012,"2,34747811"
11/03/2012,"2,3472992"
12/03/2012,"2,3688879"
13/03/2012,"2,342517"
14/03/2012,"2,34730544"
15/03/2012,"2,35214334"
16/03/2012,"2,36315212"
17/03/2012,"2,3686852"
18/03/2012,"2,36892525"
19/03/2012,"2,4087861"
20/03/2012,"2,40114276"
21/03/2012,"2,40425472"
22/03/2012,"2,39992432"
23/03/2012,"2,40049479"
24/03/2012,"2,38567194"
25/03/2012,"2,40153208"
26/03/2012,"2,4261174"
27/03/2012,"2,4258384"
28/03/2012,"2,4297212"
29/03/2012,"2,4247032"
30/03/2012,"2,4350836"
31/03/2012,"2,4333494"
01/04/2012,"2,43995256"
02/04/2012,"2,44135652"
03/04/2012,"2,41519296"
04/04/2012,"2,4022548"
05/04/2012,"2,3812026"
06/04/2012,"2,38892085"
07/04/2012,"2,3824533"
08/04/2012,"2,37835857"
09/04/2012,"2,3839224"
10/04/2012,"2,39630776"
11/04/2012,"2,40599904"
12/04/2012,"2,4086358"
13/04/2012,"2,40226975"
14/04/2012,"2,40363375"
15/04/2012,"2,40051"
16/04/2012,"2,4244583"
17/04/2012,"2,43874372"
18/04/2012,"2,46209688"
19/04/2012,"2,47082742"
20/04/2012,"2,47395806"
21/04/2012,"2,4733194"
22/04/2012,"2,469545232"
23/04/2012,"2,472764"
24/04/2012,"2,481204"
25/04/2012,"2,48247258"
26/04/2012,"2,4823212"
27/04/2012,"2,49789"
28/04/2012,"2,49304475"
30/04/2012,"2,52594278"
01/05/2012,"2,52272335"
02/05/2012,"2,527685886"
03/05/2012,"2,51040708"
04/05/2012,"2,51795418"
05/05/2012,"2,48094246"
06/05/2012,"2,46088836"
07/05/2012,"2,50354918"
08/05/2012,"2,5179816"
09/05/2012,"2,5476776"
10/05/2012,"2,5272403"
11/05/2012,"2,5362477"
12/05/2012,"2,53605132"
13/05/2012,"2,52855262"
14/05/2012,"2,55784602"
15/05/2012,"2,547"
16/05/2012,"2,5442"
17/05/2012,"2,5483528"
18/05/2012,"2,58480833"
19/05/2012,"2,5848828"
21/05/2012,"2,608116"
22/05/2012,"2,64853027"
23/05/2012,"2,5530065"
24/05/2012,"2,54253303"
25/05/2012,"2,48084845"
27/05/2012,"2,49294048"
28/05/2012,"2,485124229"
29/05/2012,"2,48554317"
30/05/2012,"2,4915611"
31/05/2012,"2,50219242"
01/06/2012,"2,5334826"
02/06/2012,"2,53164822"
03/06/2012,"2,53005285"
04/06/2012,"2,56358007"
05/06/2012,"2,5242789"
06/06/2012,"2,556246"
07/06/2012,"2,55603184"
08/06/2012,"2,53146699"
09/06/2012,"2,5063539"
10/06/2012,"2,531818245"
11/06/2012,"2,57231611"
12/06/2012,"2,58735648"
13/06/2012,"2,59989765"
14/06/2012,"2,59816417"
15/06/2012,"2,58950885"
16/06/2012,"2,58628256"
17/06/2012,"2,60058496"
18/06/2012,"2,592738"
19/06/2012,"2,57274576"
20/06/2012,"2,57056205"
21/06/2012,"2,58715535"
22/06/2012,"2,5967466"
23/06/2012,"2,59703396"
24/06/2012,"2,58901587"
25/06/2012,"2,57624315"
26/06/2012,"2,5914654"
27/06/2012,"2,586713253"
28/06/2012,"2,58395456"
29/06/2012,"2,54083095"
30/06/2012,"2,540229"
01/07/2012,"2,54375168"
02/07/2012,"2,495493378"
03/07/2012,"2,53143306"
04/07/2012,"2,5363674"
05/07/2012,"2,49926089"
06/07/2012,"2,48955525"
07/07/2012,"2,47403182"
09/07/2012,"2,500994985"
10/07/2012,"2,4900184"
11/07/2012,"2,4889187"
12/07/2012,"2,48611808"
13/07/2012,"2,49426387"
14/07/2012,"2,4922645"
15/07/2012,"2,49482909"
16/07/2012,"2,49496415"
17/07/2012,"2,4835356"
18/07/2012,"2,48155001"
19/07/2012,"2,46882636"
20/07/2012,"2,4579841"
21/07/2012,"2,4370775"
22/07/2012,"2,45151144"
23/07/2012,"2,46859641"
24/07/2012,"2,4664745"
25/07/2012,"2,4688356"
26/07/2012,"2,48088481"
27/07/2012,"2,49142941"
28/07/2012,"2,49062057"
29/07/2012,"2,48523136"
30/07/2012,"2,50046912"
31/07/2012,"2,52461516"
01/08/2012,"2,49952854"
02/08/2012,"2,49441974"
03/08/2012,"2,5094487"
04/08/2012,"2,50985394"
05/08/2012,"2,511029136"
06/08/2012,"2,51590293"
07/08/2012,"2,51230896"
08/08/2012,"2,49907563"
09/08/2012,"2,47972438"
10/08/2012,"2,47074816"
11/08/2012,"2,4711503"
12/08/2012,"2,47492608"
13/08/2012,"2,488628896"
14/08/2012,"2,4950109"
15/08/2012,"2,48509656"
16/08/2012,"2,490768"
17/08/2012,"2,4830482"
18/08/2012,"2,48149044"
19/08/2012,"2,48324651"
20/08/2012,"2,4891425"
22/08/2012,"2,52539424"
23/08/2012,"2,540863545"
24/08/2012,"2,51231292"
25/08/2012,"2,5308981"
26/08/2012,"2,53231427"
27/08/2012,"2,53928122"
28/08/2012,"2,56398267"
29/08/2012,"2,56504976"
30/08/2012,"2,55630816"
31/08/2012,"2,5507208"
01/09/2012,"2,55032244"
02/09/2012,"2,5508466"
03/09/2012,"2,5534758"
04/09/2012,"2,5586586"
05/09/2012,"2,563176516"
06/09/2012,"2,5574487"
07/09/2012,"2,59562448"
08/09/2012,"2,59542195"
09/09/2012,"2,59177641"
10/09/2012,"2,576835176"
11/09/2012,"2,58596772"
12/09/2012,"2,61022383"
13/09/2012,"2,62113725"
14/09/2012,"2,63895285"
15/09/2012,"2,6350445"
16/09/2012,"2,63499602"
17/09/2012,"2,662262166"
18/09/2012,"2,63435358"
19/09/2012,"2,637269115"
20/09/2012,"2,61780722"
21/09/2012,"2,6201428"
22/09/2012,"2,61890262"
23/09/2012,"2,61818172"
24/09/2012,"2,61655971"
25/09/2012,"2,61597236"
26/09/2012,"2,6167284"
27/09/2012,"2,61713328"
28/09/2012,"2,60045682"
29/09/2012,"2,59985004"
30/09/2012,"2,597038626"
01/10/2012,"2,60679734"
02/10/2012,"2,61561916"
03/10/2012,"2,60827338"
04/10/2012,"2,62423983"
05/10/2012,"2,64283174"
06/10/2012,"2,64242618"
07/10/2012,"2,60021532"
08/10/2012,"2,6301531"
09/10/2012,"2,614072604"
10/10/2012,"2,62001718"
11/10/2012,"2,63586992"
12/10/2012,"2,64366784"
13/10/2012,"2,64176435"
14/10/2012,"2,6431101"
15/10/2012,"2,63473303"
16/10/2012,"2,659490784"
17/10/2012,"2,66140189"
18/10/2012,"2,648995"
19/10/2012,"2,63611566"
20/10/2012,"2,6360292"
21/10/2012,"2,63676681"
22/10/2012,"2,64193685"
23/10/2012,"2,62963392"
24/10/2012,"2,62430252"
25/10/2012,"2,6186512"
26/10/2012,"2,61793132"
27/10/2012,"2,62000124"
28/10/2012,"2,6165584"
29/10/2012,"2,6207474"
30/10/2012,"2,62986018"
31/10/2012,"2,63174826"
01/11/2012,"2,62718775"
02/11/2012,"2,6044244"
03/11/2012,"2,6048302"
04/11/2012,"2,60213888"
05/11/2012,"2,603648"
06/11/2012,"2,60077054"
07/11/2012,"2,59357382"
08/11/2012,"2,59862904"
09/11/2012,"2,5988137"
10/11/2012,"2,59799582"
11/11/2012,"2,6001951"
12/11/2012,"2,60201239"
13/11/2012,"2,61428976"
14/11/2012,"2,6292542"
15/11/2012,"2,63902088"
16/11/2012,"2,65127469"
17/11/2012,"2,65130858"
19/11/2012,"2,653332192"
20/11/2012,"2,66585616"
21/11/2012,"2,69662718"
22/11/2012,"2,7069471"
23/11/2012,"2,69480382"
24/11/2012,"2,698384"
25/11/2012,"2,69664164"
26/11/2012,"2,69853236"
27/11/2012,"2,69431008"
28/11/2012,"2,7087515"
29/11/2012,"2,7187017"
30/11/2012,"2,77294675"
01/12/2012,"2,77000656"
02/12/2012,"2,772810999"
03/12/2012,"2,764494201"
04/12/2012,"2,774104497"
05/12/2012,"2,72742228"
06/12/2012,"2,688386197"
07/12/2012,"2,6802061"
08/12/2012,"2,67601827"
09/12/2012,"2,6744003"
10/12/2012,"2,6857212"
11/12/2012,"2,70342558"
12/12/2012,"2,7049776"
13/12/2012,"2,725555738"
14/12/2012,"2,74327884"
15/12/2012,"2,74147979"
16/12/2012,"2,745576276"
17/12/2012,"2,75798964"
18/12/2012,"2,76227096"
19/12/2012,"2,7335628"
20/12/2012,"2,73864396"
21/12/2012,"2,71184844"
24/12/2012,"2,7373542"
25/12/2012,"2,73741009"
26/12/2012,"2,70870528"
27/12/2012,"2,7043641"
28/12/2012,"2,70339255"
29/12/2012,"2,7027318"
30/12/2012,"2,70484926"
31/12/2012,"2,70617682"
01/01/2013,"2,69971029"
02/01/2013,"2,69589624"
03/01/2013,"2,661500415"
04/01/2013,"2,65534507"
05/01/2013,"2,6578278"
06/01/2013,"2,656367124"
07/01/2013,"2,65951875"
08/01/2013,"2,66865481"
09/01/2013,"2,672814184"
10/01/2013,"2,688965888"
11/01/2013,"2,71189492"
12/01/2013,"2,7076198"
14/01/2013,"2,71813176"
15/01/2013,"2,70497674"
16/01/2013,"2,7122232"
17/01/2013,"2,72441754"
18/01/2013,"2,71285248"
19/01/2013,"2,71299378"
20/01/2013,"2,7026787"
21/01/2013,"2,715975446"
22/01/2013,"2,71786653"
23/01/2013,"2,70651073"
24/01/2013,"2,712287065"
25/01/2013,"2,73029274"
26/01/2013,"2,72565"
27/01/2013,"2,7311724"
28/01/2013,"2,681421262"
29/01/2013,"2,67951039"
30/01/2013,"2,69792427"
31/01/2013,"2,7094686"
01/02/2013,"2,68979314"
03/02/2013,"2,71103872"
04/02/2013,"2,692753404"
05/02/2013,"2,69257991"
06/02/2013,"2,6849368"
07/02/2013,"2,629917407"
08/02/2013,"2,63378382"
09/02/2013,"2,63244762"
10/02/2013,"2,63343267"
11/02/2013,"2,641881006"
12/02/2013,"2,64641196"
13/02/2013,"2,640477117"
14/02/2013,"2,61172262"
15/02/2013,"2,62855756"
16/02/2013,"2,62596313"
17/02/2013,"2,62177332"
18/02/2013,"2,61684984"
19/02/2013,"2,61646749"
20/02/2013,"2,6019"
21/02/2013,"2,600725328"
22/02/2013,"2,57409174"
23/02/2013,"2,5975048"
24/02/2013,"2,598562197"
25/02/2013,"2,58620436"
26/02/2013,"2,587645901"
27/02/2013,"2,59521834"
28/02/2013,"2,580613014"
01/03/2013,"2,55172251"
02/03/2013,"2,5717059"
03/03/2013,"2,57859976"
04/03/2013,"2,5693956"
05/03/2013,"2,56047375"
06/03/2013,"2,55737739"
07/03/2013,"2,56910045"
08/03/2013,"2,5253768"
09/03/2013,"2,52569926"
10/03/2013,"2,52213972"
11/03/2013,"2,54984016"
12/03/2013,"2,56078368"
13/03/2013,"2,554728845"
14/03/2013,"2,5661636"
15/03/2013,"2,58446832"
16/03/2013,"2,58506136"
17/03/2013,"2,553364368"
18/03/2013,"2,566367226"
19/03/2013,"2,55002012"
20/03/2013,"2,56721828"
21/03/2013,"2,58738104"
22/03/2013,"2,60390483"
23/03/2013,"2,60624285"
24/03/2013,"2,61386755"
25/03/2013,"2,5789136"
26/03/2013,"2,59070273"
27/03/2013,"2,568492846"
28/03/2013,"2,58831152"
29/03/2013,"2,588358"
30/03/2013,"2,588358"
31/03/2013,"2,5855314"
01/04/2013,"2,58839595"
02/04/2013,"2,59019152"
03/04/2013,"2,59819344"
04/04/2013,"2,60259291"
05/04/2013,"2,57605977"
07/04/2013,"2,57875496"
08/04/2013,"2,5882857"
09/04/2013,"2,58676775"
10/04/2013,"2,573570626"
11/04/2013,"2,5877166"
12/04/2013,"2,5586787"
13/04/2013,"2,5586787"
14/04/2013,"2,576626452"
15/04/2013,"2,6104"
16/04/2013,"2,61451204"
17/04/2013,"2,60267304"
18/04/2013,"2,58710935"
19/04/2013,"2,617047"
20/04/2013,"2,61744808"
21/04/2013,"2,619613332"
22/04/2013,"2,63316858"
23/04/2013,"2,62405"
24/04/2013,"2,61262001"
25/04/2013,"2,6016"
26/04/2013,"2,59889463"
27/04/2013,"2,59915521"
28/04/2013,"2,600080453"
29/04/2013,"2,62922275"
30/04/2013,"2,63135676"
01/05/2013,"2,63729649"
02/05/2013,"2,62180431"
03/05/2013,"2,63028264"
04/05/2013,"2,63015148"
05/05/2013,"2,6357532"
06/05/2013,"2,62246386"
07/05/2013,"2,622413365"
08/05/2013,"2,6318"
09/05/2013,"2,62164015"
10/05/2013,"2,6211222"
11/05/2013,"2,61632896"
13/05/2013,"2,60390592"
14/05/2013,"2,61058284"
15/05/2013,"2,599205"
16/05/2013,"2,606592809"
17/05/2013,"2,607625999"
18/05/2013,"2,58185018"
19/05/2013,"2,60765456"
20/05/2013,"2,62503515"
21/05/2013,"2,63243004"
22/05/2013,"2,628151704"
23/05/2013,"2,6392171"
24/05/2013,"2,62447576"
25/05/2013,"2,64684639"
27/05/2013,"2,655516248"
28/05/2013,"2,665683258"
29/05/2013,"2,7267168"
30/05/2013,"2,74926384"
31/05/2013,"2,77871244"
02/06/2013,"2,7147801"
03/06/2013,"2,7722777"
04/06/2013,"2,77824118"
05/06/2013,"2,7844557"
06/06/2013,"2,817311028"
07/06/2013,"2,7984363"
08/06/2013,"2,79737854"
09/06/2013,"2,81168946"
10/06/2013,"2,84195384"
11/06/2013,"2,835008704"
12/06/2013,"2,87127126"
13/06/2013,"2,829336048"
14/06/2013,"2,86724772"
15/06/2013,"2,79785544"
16/06/2013,"2,79806508"
17/06/2013,"2,896448"
18/06/2013,"2,915262"
19/06/2013,"2,95551696"
20/06/2013,"2,983682061"
21/06/2013,"2,93814702"
22/06/2013,"2,9373597"
23/06/2013,"2,93355425"
24/06/2013,"2,922103755"
25/06/2013,"2,89049956"
26/06/2013,"2,8453393"
27/06/2013,"2,86213606"
28/06/2013,"2,8953582"
29/06/2013,"2,8958034"
30/06/2013,"2,8481492"
01/07/2013,"2,904168916"
02/07/2013,"2,916356"
03/07/2013,"2,944547596"
04/07/2013,"2,89931648"
05/07/2013,"2,88630176"
06/07/2013,"2,88630176"
07/07/2013,"2,883093"
08/07/2013,"2,9105505"
09/07/2013,"2,88028898"
10/07/2013,"2,98341268"
11/07/2013,"2,9488814"
12/07/2013,"2,955579492"
13/07/2013,"2,95539854"
14/07/2013,"2,953883067"
15/07/2013,"2,894642941"
16/07/2013,"2,95803538"
17/07/2013,"2,91533335"
18/07/2013,"2,912535402"
19/07/2013,"2,949240688"
20/07/2013,"2,9495136"
22/07/2013,"2,939699469"
23/07/2013,"2,9266897"
24/07/2013,"2,95994196"
25/07/2013,"2,9758321"
26/07/2013,"2,99312676"
27/07/2013,"2,95183218"
28/07/2013,"2,9949704"
29/07/2013,"3,00409163"
30/07/2013,"3,015634684"
31/07/2013,"3,022273744"
01/08/2013,"3,03998321"
02/08/2013,"3,016317826"
03/08/2013,"3,03431007"
04/08/2013,"3,0329236"
05/08/2013,"3,04420491"
06/08/2013,"3,05460355"
07/08/2013,"3,07067436"
08/08/2013,"3,048988824"
09/08/2013,"3,02676612"
12/08/2013,"3,036945765"
13/08/2013,"3,064196163"
14/08/2013,"3,077294268"
15/08/2013,"3,12014477"
16/08/2013,"3,184914"
17/08/2013,"3,18229875"
18/08/2013,"3,18105725"
19/08/2013,"3,2135904"
20/08/2013,"3,20945142"
21/08/2013,"3,26647776"
22/08/2013,"3,25019686"
23/08/2013,"3,14092213"
24/08/2013,"3,13851355"
25/08/2013,"3,2270148"
26/08/2013,"3,18189687"
27/08/2013,"3,171043482"
28/08/2013,"3,126800481"
29/08/2013,"3,11903431"
30/08/2013,"3,14802598"
31/08/2013,"3,14776154"
02/09/2013,"3,1319655"
03/09/2013,"3,10188186"
04/09/2013,"3,113144808"
05/09/2013,"3,043947128"
06/09/2013,"3,02023143"
07/09/2013,"3,03196074"
08/09/2013,"3,029154008"
09/09/2013,"3,013307974"
10/09/2013,"3,026538148"
11/09/2013,"3,02393789"
12/09/2013,"3,021516"
13/09/2013,"3,027169344"
14/09/2013,"3,02755566"
15/09/2013,"3,01588672"
16/09/2013,"3,041115165"
17/09/2013,"3,00921945"
18/09/2013,"2,94974196"
19/09/2013,"2,97440136"
20/09/2013,"2,986068789"
21/09/2013,"2,98520225"
22/09/2013,"2,9862177"
23/09/2013,"2,965648449"
24/09/2013,"2,95656512"
25/09/2013,"3,003130961"
26/09/2013,"3,022437104"
27/09/2013,"3,040692712"
29/09/2013,"2,998755705"
30/09/2013,"2,99831956"
01/10/2013,"2,99236944"
02/10/2013,"2,9734768"
03/10/2013,"3,00461723"
04/10/2013,"2,97591243"
05/10/2013,"2,97643935"
06/10/2013,"2,995555425"
07/10/2013,"2,989380192"
08/10/2013,"2,99474631"
09/10/2013,"2,9780504"
10/10/2013,"2,945456076"
11/10/2013,"2,93964255"
12/10/2013,"2,9329806"
14/10/2013,"2,948819962"
15/10/2013,"2,94812696"
16/10/2013,"2,94476848"
17/10/2013,"2,94764088"
18/10/2013,"2,964134562"
19/10/2013,"2,96365802"
20/10/2013,"2,963982935"
21/10/2013,"2,96902695"
22/10/2013,"2,98646046"
23/10/2013,"3,01162825"
24/10/2013,"3,03608572"
25/10/2013,"3,0128097"
26/10/2013,"3,01313712"
27/10/2013,"3,0155642"
28/10/2013,"3,0021628"
29/10/2013,"2,9987226"
30/10/2013,"2,993058097"
31/10/2013,"3,031768322"
01/11/2013,"3,03943032"
02/11/2013,"3,03686779"
04/11/2013,"3,028732504"
05/11/2013,"3,068115198"
06/11/2013,"3,085141125"
07/11/2013,"3,08782452"
08/11/2013,"3,059924166"
10/11/2013,"3,082084152"
11/11/2013,"3,12099785"
12/11/2013,"3,131521608"
13/11/2013,"3,1406565"
14/11/2013,"3,10598806"
15/11/2013,"3,12281242"
17/11/2013,"3,122180585"
18/11/2013,"3,05199208"
19/11/2013,"3,07671968"
20/11/2013,"3,04731784"
21/11/2013,"3,101250994"
22/11/2013,"3,084847892"
23/11/2013,"3,08236328"
25/11/2013,"3,08432584"
26/11/2013,"3,11199846"
27/11/2013,"3,1584371"
28/11/2013,"3,14849549"
29/11/2013,"3,169762986"
30/11/2013,"3,16802336"
01/12/2013,"3,165715868"
02/12/2013,"3,18660353"
03/12/2013,"3,224907"
04/12/2013,"3,24419352"
05/12/2013,"3,220501284"
06/12/2013,"3,181841156"
07/12/2013,"3,18361799"
08/12/2013,"3,1820269"
09/12/2013,"3,1830946"
10/12/2013,"3,173056"
11/12/2013,"3,223874563"
12/12/2013,"3,2062668"
13/12/2013,"3,19466625"
14/12/2013,"3,17939258"
15/12/2013,"3,1944105"
16/12/2013,"3,1963104"
17/12/2013,"3,186995886"
18/12/2013,"3,18546942"
19/12/2013,"3,21387852"
20/12/2013,"3,25738917"
21/12/2013,"3,25738917"
22/12/2013,"3,25858052"
23/12/2013,"3,2245092"
24/12/2013,"3,221866496"
25/12/2013,"3,217447795"
26/12/2013,"3,221122005"
27/12/2013,"3,20646235"
28/12/2013,"3,20646235"
29/12/2013,"3,20818914"
30/12/2013,"3,25701365"
31/12/2013,"3,241753128"
01/01/2014,"3,24407673"
02/01/2014,"3,258191763"
03/01/2014,"3,224803245"
04/01/2014,"3,22487445"
05/01/2014,"3,2238171"
06/01/2014,"3,23170848"
07/01/2014,"3,22498505"
08/01/2014,"3,24682956"
09/01/2014,"3,2491128"
10/01/2014,"3,21638724"
11/01/2014,"3,2172345"
12/01/2014,"3,21699915"
13/01/2014,"3,22080288"
14/01/2014,"3,21393172"
15/01/2014,"3,2025378"
16/01/2014,"3,21442902"
17/01/2014,"3,164549376"
18/01/2014,"3,167006"
19/01/2014,"3,1752285"
20/01/2014,"3,170183845"
21/01/2014,"3,1971768"
22/01/2014,"3,20891232"
23/01/2014,"3,27218574"
24/01/2014,"3,27282066"
25/01/2014,"3,288017"
26/01/2014,"3,276314732"
27/01/2014,"3,30692016"
28/01/2014,"3,309007296"
29/01/2014,"3,32192868"
30/01/2014,"3,26561016"
31/01/2014,"3,24940351"
01/02/2014,"3,24726499"
02/02/2014,"3,26719824"
03/02/2014,"3,296142396"
04/02/2014,"3,25200896"
05/02/2014,"3,24178224"
06/02/2014,"3,233573935"
07/02/2014,"3,238371432"
08/02/2014,"3,23834768"
09/02/2014,"3,234856136"
10/02/2014,"3,283308024"
11/02/2014,"3,27478918"
12/02/2014,"3,2844613"
13/02/2014,"3,2701707"
14/02/2014,"3,264142833"
15/02/2014,"3,24764211"
16/02/2014,"3,26574018"
17/02/2014,"3,26090291"
18/02/2014,"3,283202017"
19/02/2014,"3,27957142"
20/02/2014,"3,250427712"
21/02/2014,"3,215094972"
22/02/2014,"3,21575034"
23/02/2014,"3,21528222"
24/02/2014,"3,208534242"
25/02/2014,"3,2146806"
26/02/2014,"3,21262752"
27/02/2014,"3,1786533"
28/02/2014,"3,220092"
01/03/2014,"3,220092"
02/03/2014,"3,21402516"
03/03/2014,"3,215711549"
04/03/2014,"3,211964875"
05/03/2014,"3,184835865"
06/03/2014,"3,2161696"
07/03/2014,"3,24157924"
08/03/2014,"3,24435504"
09/03/2014,"3,24111212"
10/03/2014,"3,25165864"
11/03/2014,"3,2689487"
12/03/2014,"3,27016746"
13/03/2014,"3,273868574"
14/03/2014,"3,2565717"
15/03/2014,"3,2565717"
16/03/2014,"3,255705715"
17/03/2014,"3,267249243"
18/03/2014,"3,2448542"
19/03/2014,"3,240682674"
20/03/2014,"3,20127507"
21/03/2014,"3,199421764"
22/03/2014,"3,18420963"
23/03/2014,"3,20004811"
24/03/2014,"3,20824682"
25/03/2014,"3,190321833"
26/03/2014,"3,159960135"
27/03/2014,"3,09979318"
28/03/2014,"3,102430793"
29/03/2014,"3,10258872"
31/03/2014,"3,12541768"
01/04/2014,"3,11430134"
02/04/2014,"3,116352522"
03/04/2014,"3,122630092"
04/04/2014,"3,05971632"
05/04/2014,"3,0573114"
06/04/2014,"3,09625472"
07/04/2014,"3,045838927"
08/04/2014,"3,032760864"
09/04/2014,"3,024481824"
10/04/2014,"3,0599763"
11/04/2014,"3,073601648"
12/04/2014,"3,04031832"
13/04/2014,"3,06820712"
14/04/2014,"3,05499392"
15/04/2014,"3,085901224"
16/04/2014,"3,091927398"
17/04/2014,"3,077433866"
18/04/2014,"3,08494248"
19/04/2014,"3,07803548"
20/04/2014,"3,07803548"
21/04/2014,"3,073333978"
22/04/2014,"3,088308878"
23/04/2014,"3,061725966"
24/04/2014,"3,055063323"
25/04/2014,"3,095396143"
27/04/2014,"3,09827532"
28/04/2014,"3,072678245"
29/04/2014,"3,083834052"
30/04/2014,"3,0897904"
01/05/2014,"3,093547365"
02/05/2014,"3,075410976"
05/05/2014,"3,107776"
06/05/2014,"3,101002788"
07/05/2014,"3,0794526"
08/05/2014,"3,0630688"
09/05/2014,"3,03738755"
10/05/2014,"3,03729925"
11/05/2014,"3,0370785"
12/05/2014,"3,04015943"
13/05/2014,"3,030820872"
14/05/2014,"3,014091"
15/05/2014,"3,03861098"
16/05/2014,"3,026386966"
17/05/2014,"3,01268"
19/05/2014,"3,019426914"
20/05/2014,"3,03131472"
21/05/2014,"3,0175425"
22/05/2014,"3,02171495"
23/05/2014,"3,02693499"
25/05/2014,"3,0233875"
26/05/2014,"3,030357785"
27/05/2014,"3,047350932"
28/05/2014,"3,02819944"
29/05/2014,"3,02346567"
30/05/2014,"3,051169004"
02/06/2014,"3,091958716"
03/06/2014,"3,09959742"
04/06/2014,"3,09390849"
05/06/2014,"3,0849744"
06/06/2014,"3,062497704"
07/06/2014,"3,05940348"
08/06/2014,"3,05940348"
09/06/2014,"3,02326856"
10/06/2014,"3,00554904"
11/06/2014,"3,0177029"
12/06/2014,"3,0146525"
13/06/2014,"3,00511644"
14/06/2014,"3,00511644"
15/06/2014,"3,003473936"
16/06/2014,"3,02628456"
17/06/2014,"3,057106416"
18/06/2014,"3,01617813"
19/06/2014,"3,01735225"
20/06/2014,"3,025896181"
21/06/2014,"3,026408"
23/06/2014,"3,01014473"
24/06/2014,"3,01954384"
25/06/2014,"3,00544704"
26/06/2014,"2,98642892"
27/06/2014,"2,991215214"
30/06/2014,"3,027927885"
01/07/2014,"3,00965358"
02/07/2014,"3,03472197"
03/07/2014,"3,00323412"
04/07/2014,"3,004527099"
05/07/2014,"3,00444408"
07/07/2014,"3,0240224"
08/07/2014,"3,00449214"
09/07/2014,"3,013758"
10/07/2014,"3,01808292"
11/07/2014,"3,02094584"
12/07/2014,"3,017574"
13/07/2014,"3,016531775"
14/07/2014,"3,00625806"
15/07/2014,"3,00631153"
16/07/2014,"3,00349675"
17/07/2014,"3,04925592"
18/07/2014,"3,005416297"
19/07/2014,"3,00521629"
20/07/2014,"3,0067719"
21/07/2014,"2,99926832"
22/07/2014,"2,97652464"
23/07/2014,"2,98215822"
24/07/2014,"2,98515099"
25/07/2014,"2,983946985"
26/07/2014,"2,9842803"
27/07/2014,"2,98450251"
28/07/2014,"2,98207341"
29/07/2014,"2,98647381"
30/07/2014,"3,0061059"
31/07/2014,"3,02626522"
01/08/2014,"3,024546101"
02/08/2014,"3,0248389"
03/08/2014,"3,02326229"
04/08/2014,"3,02757456"
05/08/2014,"3,0460871"
06/08/2014,"3,03828986"
07/08/2014,"3,06442101"
08/08/2014,"3,05588831"
10/08/2014,"3,05504508"
11/08/2014,"3,03906425"
12/08/2014,"3,04085883"
13/08/2014,"3,04254225"
14/08/2014,"3,02439596"
15/08/2014,"3,02312472"
17/08/2014,"3,020823192"
18/08/2014,"3,010008"
19/08/2014,"2,98869956"
20/08/2014,"2,99551252"
21/08/2014,"3,009912"
22/08/2014,"3,01045605"
23/08/2014,"3,01045605"
24/08/2014,"2,997818726"
25/08/2014,"3,01049566"
26/08/2014,"2,97103956"
27/08/2014,"2,96011341"
28/08/2014,"2,94819427"
29/08/2014,"2,928520224"
31/08/2014,"2,930782596"
01/09/2014,"2,94490199"
02/09/2014,"2,93867896"
03/09/2014,"2,938109592"
04/09/2014,"2,89605194"
05/09/2014,"2,879647026"
08/09/2014,"2,92107296"
09/09/2014,"2,95377584"
10/09/2014,"2,9529055"
11/09/2014,"2,96521134"
12/09/2014,"3,02625102"
13/09/2014,"2,94142893"
15/09/2014,"3,02624784"
16/09/2014,"3,022271"
17/09/2014,"3,023909628"
18/09/2014,"3,05168535"
19/09/2014,"3,0186637"
20/09/2014,"3,0340585"
22/09/2014,"3,07823493"
23/09/2014,"3,09550062"
24/09/2014,"3,03823395"
25/09/2014,"3,09345756"
26/09/2014,"3,060076241"
27/09/2014,"3,06903234"
28/09/2014,"3,066055986"
29/09/2014,"3,101015832"
30/09/2014,"3,075821816"
01/10/2014,"3,1273713"
02/10/2014,"3,15724149"
03/10/2014,"3,07206186"
04/10/2014,"3,07206186"
06/10/2014,"3,06996592"
07/10/2014,"3,03122712"
08/10/2014,"3,0222293"
09/10/2014,"3,037818"
10/10/2014,"3,01254966"
11/10/2014,"3,0595221"
12/10/2014,"3,01716858"
13/10/2014,"3,0445408"
14/10/2014,"3,0290232"
15/10/2014,"3,14347518"
16/10/2014,"3,15797856"
17/10/2014,"3,10686993"
18/10/2014,"3,10108706"
19/10/2014,"3,097611159"
20/10/2014,"3,15000105"
21/10/2014,"3,1496651"
22/10/2014,"3,1418987"
23/10/2014,"3,15718356"
24/10/2014,"3,127701276"
25/10/2014,"3,12784941"
27/10/2014,"3,19938606"
28/10/2014,"3,13100934"
29/10/2014,"3,10444718"
30/10/2014,"3,0278112"
31/10/2014,"3,097018342"
01/11/2014,"3,023449374"
02/11/2014,"3,01726116"
03/11/2014,"3,11412816"
04/11/2014,"3,130118829"
05/11/2014,"3,120396763"
06/11/2014,"3,1774508"
07/11/2014,"3,17440006"
10/11/2014,"3,16864926"
11/11/2014,"3,18635856"
12/11/2014,"3,18528864"
13/11/2014,"3,22513448"
14/11/2014,"3,218696954"
15/11/2014,"3,21879324"
16/11/2014,"3,251037792"
17/11/2014,"3,24207009"
18/11/2014,"3,23212812"
19/11/2014,"3,221169399"
20/11/2014,"3,223046225"
21/11/2014,"3,112368"
22/11/2014,"3,112368"
24/11/2014,"3,161929275"
25/11/2014,"3,15181188"
26/11/2014,"3,123399139"
27/11/2014,"3,148790112"
28/11/2014,"3,151439035"
01/12/2014,"3,1880676"
02/12/2014,"3,17764588"
03/12/2014,"3,13921665"
04/12/2014,"3,20509747"
05/12/2014,"3,17702385"
06/12/2014,"3,17702385"
08/12/2014,"3,19745324"
09/12/2014,"3,20967418"
10/12/2014,"3,25304819"
11/12/2014,"3,279420102"
12/12/2014,"3,303389796"
13/12/2014,"3,30193152"
14/12/2014,"3,30166656"
15/12/2014,"3,349591583"
16/12/2014,"3,421242864"
17/12/2014,"3,34584864"
18/12/2014,"3,267455317"
19/12/2014,"3,248288505"
22/12/2014,"3,2534528"
23/12/2014,"3,27599776"
24/12/2014,"3,286715544"
25/12/2014,"3,27938602"
26/12/2014,"3,28347838"
29/12/2014,"3,279676493"
30/12/2014,"3,22685478"
31/12/2014,"3,210679572"
01/01/2015,"3,207347352"
02/01/2015,"3,229682208"
05/01/2015,"3,22642016"
06/01/2015,"3,20167318"
07/01/2015,"3,172244256"
08/01/2015,"3,136371434"
09/01/2015,"3,10992024"
12/01/2015,"3,1588466"
13/01/2015,"3,108445752"
14/01/2015,"3,07783743"
15/01/2015,"3,07039132"
16/01/2015,"3,024979386"
19/01/2015,"3,070180659"
20/01/2015,"3,0143995"
21/01/2015,"3,015466839"
22/01/2015,"2,915816475"
23/01/2015,"2,887960896"
26/01/2015,"2,901948917"
27/01/2015,"2,92026638"
28/01/2015,"2,90348604"
29/01/2015,"2,94706668"
30/01/2015,"3,02374512"
31/01/2015,"3,02329368"
02/02/2015,"3,088317276"
03/02/2015,"3,083381647"
04/02/2015,"3,09866028"
05/02/2015,"3,144916776"
06/02/2015,"3,14456148"
09/02/2015,"3,132613446"
10/02/2015,"3,20452209"
11/02/2015,"3,240909155"
12/02/2015,"3,21205608"
13/02/2015,"3,22297965"
15/02/2015,"3,22637673"
16/02/2015,"3,20236668"
17/02/2015,"3,222343509"
18/02/2015,"3,2304766"
19/02/2015,"3,25414045"
20/02/2015,"3,2593458"
23/02/2015,"3,25761004"
24/02/2015,"3,2392666"
25/02/2015,"3,259760064"
26/02/2015,"3,2544715"
27/02/2015,"3,175201872"
02/03/2015,"3,233055082"
03/03/2015,"3,273831385"
04/03/2015,"3,29201406"
05/03/2015,"3,309050298"
06/03/2015,"3,3162336"
09/03/2015,"3,38250864"
10/03/2015,"3,32088312"
11/03/2015,"3,297972699"
12/03/2015,"3,360509071"
13/03/2015,"3,403187056"
14/03/2015,"3,406785965"
16/03/2015,"3,42796388"
17/03/2015,"3,439933216"
18/03/2015,"3,491091423"
19/03/2015,"3,510231624"
20/03/2015,"3,4841803"
23/03/2015,"3,424362312"
24/03/2015,"3,41892843"
25/03/2015,"3,50456053"
26/03/2015,"3,460917545"
27/03/2015,"3,53161152"
30/03/2015,"3,49349992"
31/03/2015,"3,423588105"
01/04/2015,"3,407444812"
02/04/2015,"3,393269404"
03/04/2015,"3,42345872"
06/04/2015,"3,41284528"
07/04/2015,"3,38167071"
08/04/2015,"3,284579169"
09/04/2015,"3,258996851"
10/04/2015,"3,25641518"
13/04/2015,"3,29730632"
14/04/2015,"3,26257316"
15/04/2015,"3,230420581"
16/04/2015,"3,24740988"
17/04/2015,"3,280026512"
19/04/2015,"3,282126094"
20/04/2015,"3,255756768"
21/04/2015,"3,25031738"
22/04/2015,"3,22277648"
23/04/2015,"3,21061086"
24/04/2015,"3,20346628"
26/04/2015,"3,203711229"
27/04/2015,"3,168433215"
28/04/2015,"3,21830168"
29/04/2015,"3,28074497"
30/04/2015,"3,37604532"
01/05/2015,"3,372432"
04/05/2015,"3,4366201"
05/05/2015,"3,414525978"
06/05/2015,"3,4345458"
07/05/2015,"3,39714972"
08/05/2015,"3,33026952"
11/05/2015,"3,40605216"
12/05/2015,"3,38533325"
13/05/2015,"3,44551655"
14/05/2015,"3,408755091"
15/05/2015,"3,423776956"
18/05/2015,"3,403737862"
19/05/2015,"3,37780872"
20/05/2015,"3,33128666"
21/05/2015,"3,3737737"
22/05/2015,"3,40040209"
25/05/2015,"3,392992944"
26/05/2015,"3,4262832"
27/05/2015,"3,419557904"
28/05/2015,"3,46129056"
29/05/2015,"3,486885506"
01/06/2015,"3,46077705"
02/06/2015,"3,48713756"
03/06/2015,"3,526667256"
04/06/2015,"3,51953616"
05/06/2015,"3,48840956"
08/06/2015,"3,508029398"
09/06/2015,"3,49611961"
10/06/2015,"3,521934"
11/06/2015,"3,470301723"
12/06/2015,"3,50982848"
15/06/2015,"3,521465135"
16/06/2015,"3,46905822"
17/06/2015,"3,46738968"
18/06/2015,"3,476657444"
19/06/2015,"3,51201928"
22/06/2015,"3,499529396"
23/06/2015,"3,43404936"
24/06/2015,"3,46721647"
25/06/2015,"3,49964044"
26/06/2015,"3,49004496"
29/06/2015,"3,493784"
30/06/2015,"3,4601364"
01/07/2015,"3,471845625"
02/07/2015,"3,429699"
03/07/2015,"3,477855464"
06/07/2015,"3,463407672"
07/07/2015,"3,49911296"
08/07/2015,"3,57684556"
09/07/2015,"3,562375545"
10/07/2015,"3,517610432"
13/07/2015,"3,440687808"
14/07/2015,"3,4520319"
15/07/2015,"3,43065996"
16/07/2015,"3,428734968"
17/07/2015,"3,4519664"
20/07/2015,"3,46060185"
21/07/2015,"3,46847265"
22/07/2015,"3,51698754"
23/07/2015,"3,6076937"
24/07/2015,"3,68321"
27/07/2015,"3,72778913"
28/07/2015,"3,711183985"
29/07/2015,"3,650705848"
30/07/2015,"3,6876552"
31/07/2015,"3,754979916"
03/08/2015,"3,77747064"
04/08/2015,"3,77306755"
05/08/2015,"3,798421978"
06/08/2015,"3,857778576"
07/08/2015,"3,8447241"
10/08/2015,"3,784526621"
11/08/2015,"3,8316369"
12/08/2015,"3,87682156"
13/08/2015,"3,92683494"
14/08/2015,"3,8634295"
17/08/2015,"3,85068216"
18/08/2015,"3,82143821"
19/08/2015,"3,87864077"
20/08/2015,"3,8848383"
21/08/2015,"3,9845718"
24/08/2015,"4,108557876"
25/08/2015,"4,171318615"
26/08/2015,"4,07427176"
27/08/2015,"3,99290994"
28/08/2015,"4,00134447"
31/08/2015,"4,062552"
01/09/2015,"4,16994025"
02/09/2015,"4,20924807"
03/09/2015,"4,1551875"
04/09/2015,"4,274469231"
07/09/2015,"4,2802435"
08/09/2015,"4,27571595"
09/09/2015,"4,23894566"
10/09/2015,"4,341734268"
11/09/2015,"4,384566018"
14/09/2015,"4,30875849"
15/09/2015,"4,3498819"
16/09/2015,"4,32325512"
17/09/2015,"4,43580686"
18/09/2015,"4,455009"
21/09/2015,"4,45439032"
22/09/2015,"4,50063763"
23/09/2015,"4,67068437"
24/09/2015,"4,39626807"
25/09/2015,"4,440895004"
28/09/2015,"4,60763436"
29/09/2015,"4,56201088"
30/09/2015,"4,406715588"
01/10/2015,"4,475336996"
02/10/2015,"4,402374025"
05/10/2015,"4,37674206"
06/10/2015,"4,3358985"
07/10/2015,"4,360525928"
08/10/2015,"4,26711777"
09/10/2015,"4,2713677"
12/10/2015,"4,26929565"
13/10/2015,"4,426543264"
14/10/2015,"4,36788583"
15/10/2015,"4,3105555"
16/10/2015,"4,44881829"
19/10/2015,"4,403205646"
20/10/2015,"4,42950073"
21/10/2015,"4,46657982"
22/10/2015,"4,323943515"
23/10/2015,"4,26936096"
26/10/2015,"4,3177134"
27/10/2015,"4,284516386"
28/10/2015,"4,257807916"
29/10/2015,"4,22609424"
30/10/2015,"4,23885084"
02/11/2015,"4,26263828"
03/11/2015,"4,129306665"
04/11/2015,"4,1239194"
05/11/2015,"4,11388283"
06/11/2015,"4,043612669"
09/11/2015,"4,086957807"
10/11/2015,"4,021173802"
11/11/2015,"4,049331948"
12/11/2015,"4,07239559"
13/11/2015,"4,13555808"
16/11/2015,"4,08841872"
17/11/2015,"4,05279286"
18/11/2015,"4,01874228"
19/11/2015,"4,033586104"
20/11/2015,"3,938261196"
23/11/2015,"3,967139421"
24/11/2015,"3,93349604"
25/11/2015,"3,97199068"
26/11/2015,"3,96382552"
27/11/2015,"4,070487708"
30/11/2015,"4,086880202"
01/12/2015,"4,091416524"
02/12/2015,"4,066185269"
03/12/2015,"4,09994044"
04/12/2015,"4,07698946"
07/12/2015,"4,07266635"
08/12/2015,"4,154715255"
09/12/2015,"4,12258405"
10/12/2015,"4,168094036"
11/12/2015,"4,190996094"
14/12/2015,"4,2689556"
15/12/2015,"4,27110165"
16/12/2015,"4,232711241"
17/12/2015,"4,202878275"
18/12/2015,"4,323367064"
21/12/2015,"4,376517628"
22/12/2015,"4,36259844"
23/12/2015,"4,2984487"
24/12/2015,"4,2898219"
25/12/2015,"4,2892495"
28/12/2015,"4,23058674"
29/12/2015,"4,221490609"
30/12/2015,"4,32586011"
31/12/2015,"4,288831"
01/01/2016,"4,2887226"
04/01/2016,"4,36956979"
05/01/2016,"4,328957769"
06/01/2016,"4,33144225"
07/01/2016,"4,415055845"
08/01/2016,"4,362251544"
11/01/2016,"4,397154744"
12/01/2016,"4,36412184"
13/01/2016,"4,36894644"
14/01/2016,"4,34840445"
15/01/2016,"4,368971601"
18/01/2016,"4,413927252"
19/01/2016,"4,4277144"
20/01/2016,"4,4602725"
21/01/2016,"4,509828765"
22/01/2016,"4,440117156"
23/01/2016,"4,416353287"
25/01/2016,"4,435902927"
26/01/2016,"4,417141428"
27/01/2016,"4,47598296"
28/01/2016,"4,4468578"
29/01/2016,"4,328819329"
01/02/2016,"4,314291135"
02/02/2016,"4,351708482"
03/02/2016,"4,317300237"
04/02/2016,"4,35137814"
05/02/2016,"4,350900708"
06/02/2016,"4,350176311"
08/02/2016,"4,35431124"
09/02/2016,"4,38135957"
10/02/2016,"4,428552296"
11/02/2016,"4,51185625"
12/02/2016,"4,46561387"
14/02/2016,"4,453391814"
15/02/2016,"4,4643326"
16/02/2016,"4,5264375"
17/02/2016,"4,426800609"
18/02/2016,"4,470767156"
19/02/2016,"4,460138192"
20/02/2016,"4,47145812"
22/02/2016,"4,347370708"
23/02/2016,"4,35794305"
24/02/2016,"4,355099352"
25/02/2016,"4,356100332"
26/02/2016,"4,333099924"
29/02/2016,"4,36804165"
01/03/2016,"4,2639984"
02/03/2016,"4,22650231"
03/03/2016,"4,15521106"
04/03/2016,"4,147790528"
07/03/2016,"4,164163241"
08/03/2016,"4,12834527"
09/03/2016,"4,039552647"
10/03/2016,"4,038645"
11/03/2016,"3,98101682"
14/03/2016,"4,0574155"
15/03/2016,"4,17878661"
16/03/2016,"4,19134422"
17/03/2016,"4,0967089"
18/03/2016,"4,080690012"
19/03/2016,"4,081215071"
21/03/2016,"4,058647722"
22/03/2016,"4,0142916"
23/03/2016,"4,113505377"
24/03/2016,"4,1055938"
25/03/2016,"4,11063866"
28/03/2016,"4,118868492"
29/03/2016,"4,10307512"
30/03/2016,"4,075568013"
31/03/2016,"4,08107835"
01/04/2016,"4,045000344"
02/04/2016,"4,04640291"
03/04/2016,"4,042955466"
04/04/2016,"4,1181822"
05/04/2016,"4,181184918"
06/04/2016,"4,14604146"
07/04/2016,"4,1871162"
08/04/2016,"4,086403176"
09/04/2016,"4,088092276"
10/04/2016,"4,08970248"
11/04/2016,"3,980762235"
12/04/2016,"3,964303875"
13/04/2016,"3,9392706"
14/04/2016,"3,912813"
15/04/2016,"3,980931635"
16/04/2016,"3,985188999"
18/04/2016,"4,081677831"
19/04/2016,"4,003788969"
20/04/2016,"3,983171148"
21/04/2016,"3,978906624"
22/04/2016,"3,998361143"
25/04/2016,"3,99988064"
26/04/2016,"3,97624191"
27/04/2016,"3,98873262"
28/04/2016,"3,95119935"
29/04/2016,"3,92952616"
30/04/2016,"3,929979289"
02/05/2016,"4,028981985"
03/05/2016,"4,088383843"
04/05/2016,"4,07331006"
05/05/2016,"4,02844062"
06/05/2016,"3,98994469"
09/05/2016,"3,99958563"
10/05/2016,"3,946920624"
11/05/2016,"3,9378528"
12/05/2016,"3,95450583"
13/05/2016,"3,991279422"
16/05/2016,"3,9529784"
17/05/2016,"3,94382493"
18/05/2016,"3,9919253"
19/05/2016,"3,989774796"
20/05/2016,"3,99200206"
22/05/2016,"3,991753049"
23/05/2016,"3,999080785"
24/05/2016,"3,97183182"
25/05/2016,"3,99038964"
26/05/2016,"4,00868303"
27/05/2016,"4,009884879"
29/05/2016,"4,00876612"
30/05/2016,"3,97658078"
31/05/2016,"3,98881824"
01/06/2016,"4,01717988"
02/06/2016,"3,9918115"
03/06/2016,"4,00573523"
06/06/2016,"3,958775295"
07/06/2016,"3,90067244"
08/06/2016,"3,8282215"
09/06/2016,"3,841509998"
10/06/2016,"3,843184896"
13/06/2016,"3,925106694"
14/06/2016,"3,89523959"
15/06/2016,"3,9064318"
16/06/2016,"3,89592672"
17/06/2016,"3,847454208"
19/06/2016,"3,8718216"
20/06/2016,"3,83974357"
21/06/2016,"3,83827129"
22/06/2016,"3,82105732"
23/06/2016,"3,77911913"
24/06/2016,"3,740336005"
27/06/2016,"3,73263609"
28/06/2016,"3,6567922"
29/06/2016,"3,601311984"
30/06/2016,"3,56015195"
01/07/2016,"3,601235156"
02/07/2016,"3,598991779"
04/07/2016,"3,6647044"
05/07/2016,"3,64913451"
06/07/2016,"3,6916392"
07/07/2016,"3,718922706"
08/07/2016,"3,641130096"
09/07/2016,"3,644591658"
11/07/2016,"3,656704896"
12/07/2016,"3,642380455"
13/07/2016,"3,618549504"
14/07/2016,"3,6073482"
15/07/2016,"3,592212611"
16/07/2016,"3,616396526"
18/07/2016,"3,596988318"
19/07/2016,"3,57658748"
20/07/2016,"3,583694752"
21/07/2016,"3,605723404"
22/07/2016,"3,56858628"
25/07/2016,"3,606863795"
26/07/2016,"3,5926509"
27/07/2016,"3,60694434"
28/07/2016,"3,637165675"
29/07/2016,"3,627389896"
30/07/2016,"3,628618591"
01/08/2016,"3,638524944"
02/08/2016,"3,649056096"
03/08/2016,"3,606676038"
04/08/2016,"3,547943901"
05/08/2016,"3,504110055"
08/08/2016,"3,511696008"
09/08/2016,"3,493679069"
10/08/2016,"3,494851962"
11/08/2016,"3,49609264"
12/08/2016,"3,559179036"
14/08/2016,"3,56200182"
15/08/2016,"3,561052272"
16/08/2016,"3,609385012"
17/08/2016,"3,620879184"
18/08/2016,"3,673915614"
19/08/2016,"3,62945943"
21/08/2016,"3,619578885"
22/08/2016,"3,62028866"
23/08/2016,"3,656341485"
24/08/2016,"3,629564732"
25/08/2016,"3,643653078"
26/08/2016,"3,650815564"
27/08/2016,"3,649963176"
28/08/2016,"3,654910693"
29/08/2016,"3,612394472"
30/08/2016,"3,608999632"
31/08/2016,"3,5992482"
01/09/2016,"3,64293336"
02/09/2016,"3,62850774"
03/09/2016,"3,63152833"
04/09/2016,"3,63348199"
05/09/2016,"3,643189376"
06/09/2016,"3,596125167"
07/09/2016,"3,585836288"
08/09/2016,"3,622645767"
09/09/2016,"3,65347683"
10/09/2016,"3,67379193"
11/09/2016,"3,677129064"
12/09/2016,"3,649807821"
13/09/2016,"3,71775738"
14/09/2016,"3,760200405"
15/09/2016,"3,70996514"
16/09/2016,"3,637027665"
17/09/2016,"3,636077885"
18/09/2016,"3,64325304"
19/09/2016,"3,656416512"
20/09/2016,"3,631463208"
21/09/2016,"3,591734976"
22/09/2016,"3,60590313"
23/09/2016,"3,637141854"
24/09/2016,"3,63919472"
25/09/2016,"3,644546"
26/09/2016,"3,645286128"
27/09/2016,"3,62584579"
28/09/2016,"3,61133694"
29/09/2016,"3,656543484"
30/09/2016,"3,663710595"
01/10/2016,"3,66118272"
02/10/2016,"3,661276968"
03/10/2016,"3,596920613"
04/10/2016,"3,64757851"
05/10/2016,"3,606618915"
06/10/2016,"3,59542352"
07/10/2016,"3,603807288"
09/10/2016,"3,603298104"
10/10/2016,"3,566814963"
11/10/2016,"3,534249933"
12/10/2016,"3,5239707"
13/10/2016,"3,510026856"
14/10/2016,"3,5132522"
15/10/2016,"3,5122738"
16/10/2016,"3,51102502"
17/10/2016,"3,528529124"
18/10/2016,"3,491756665"
19/10/2016,"3,474288174"
20/10/2016,"3,43072239"
21/10/2016,"3,425054491"
22/10/2016,"3,42726276"
23/10/2016,"3,426066178"
24/10/2016,"3,3969564"
25/10/2016,"3,3856704"
26/10/2016,"3,424085532"
27/10/2016,"3,449195757"
28/10/2016,"3,518161447"
29/10/2016,"3,51892566"
30/10/2016,"3,518060823"
31/10/2016,"3,508393418"
01/11/2016,"3,576208944"
02/11/2016,"3,608336862"
03/11/2016,"3,616270072"
04/11/2016,"3,600494758"
05/11/2016,"3,59981251"
06/11/2016,"3,587141894"
07/11/2016,"3,536802446"
08/11/2016,"3,48997896"
09/11/2016,"3,5297894"
10/11/2016,"3,697265104"
11/11/2016,"3,677354499"
12/11/2016,"3,676980424"
13/11/2016,"3,668997"
14/11/2016,"3,69694638"
15/11/2016,"3,690706995"
16/11/2016,"3,694112378"
17/11/2016,"3,64538042"
18/11/2016,"3,5786088"
19/11/2016,"3,57940648"
20/11/2016,"3,579217506"
21/11/2016,"3,603279002"
22/11/2016,"3,575977704"
23/11/2016,"3,617134242"
24/11/2016,"3,580274037"
25/11/2016,"3,61842591"
26/11/2016,"3,621323061"
27/11/2016,"3,62947574"
28/11/2016,"3,618037536"
29/11/2016,"3,676880942"
30/11/2016,"3,607510141"
01/12/2016,"3,8091753"
02/12/2016,"3,70366184"
04/12/2016,"3,677309757"
05/12/2016,"3,6777996"
06/12/2016,"3,650940466"
07/12/2016,"3,638060544"
08/12/2016,"3,582666978"
09/12/2016,"3,564267165"
10/12/2016,"3,562938892"
11/12/2016,"3,5613842"
12/12/2016,"3,5508872"
13/12/2016,"3,542787552"
14/12/2016,"3,5411559"
15/12/2016,"3,505780434"
16/12/2016,"3,542527248"
17/12/2016,"3,54364608"
18/12/2016,"3,5412728"
19/12/2016,"3,499599726"
20/12/2016,"3,483669714"
21/12/2016,"3,46706204"
22/12/2016,"3,429845584"
23/12/2016,"3,41339458"
24/12/2016,"3,4185892"
25/12/2016,"3,41708523"
26/12/2016,"3,41771288"
27/12/2016,"3,419923176"
28/12/2016,"3,418887875"
29/12/2016,"3,438201468"
30/12/2016,"3,4186844"
31/12/2016,"3,42139044"
01/01/2017,"3,424285788"
02/01/2017,"3,43411164"
03/01/2017,"3,399685855"
04/01/2017,"3,37416218"
05/01/2017,"3,39084108"
06/01/2017,"3,390747894"
07/01/2017,"3,3929766"
08/01/2017,"3,392589936"
09/01/2017,"3,38320367"
10/01/2017,"3,37096418"
11/01/2017,"3,386351998"
12/01/2017,"3,382501388"
13/01/2017,"3,422111037"
14/01/2017,"3,42683314"
15/01/2017,"3,38693104"
16/01/2017,"3,435675315"
17/01/2017,"3,433234178"
18/01/2017,"3,432031328"
19/01/2017,"3,405380012"
20/01/2017,"3,38282224"
21/01/2017,"3,38954175"
22/01/2017,"3,366251721"
23/01/2017,"3,401609796"
24/01/2017,"3,399317986"
25/01/2017,"3,40651772"
26/01/2017,"3,392741781"
27/01/2017,"3,35439104"
28/01/2017,"3,355156224"
29/01/2017,"3,33146996"
30/01/2017,"3,3467854"
31/01/2017,"3,402486012"
01/02/2017,"3,3676048"
02/02/2017,"3,360028575"
03/02/2017,"3,358357852"
04/02/2017,"3,357818899"
05/02/2017,"3,363476095"
06/02/2017,"3,344954499"
07/02/2017,"3,327825258"
08/02/2017,"3,331333326"
09/02/2017,"3,33436216"
10/02/2017,"3,310077848"
11/02/2017,"3,294700122"
12/02/2017,"3,29880807"
13/02/2017,"3,295990677"
14/02/2017,"3,25929336"
15/02/2017,"3,241483026"
16/02/2017,"3,2948565"
17/02/2017,"3,290530694"
18/02/2017,"3,291321143"
19/02/2017,"3,289247345"
20/02/2017,"3,27322182"
21/02/2017,"3,261372807"
22/02/2017,"3,2307265"
23/02/2017,"3,238929711"
24/02/2017,"3,283663095"
25/02/2017,"3,28394295"
26/02/2017,"3,265483812"
27/02/2017,"3,286556361"
28/02/2017,"3,28462764"
01/03/2017,"3,253326054"
02/03/2017,"3,31422276"
03/03/2017,"3,308141244"
04/03/2017,"3,306768953"
05/03/2017,"3,3133152"
06/03/2017,"3,31868702"
07/03/2017,"3,293225869"
08/03/2017,"3,33148185"
09/03/2017,"3,375661401"
10/03/2017,"3,345589926"
12/03/2017,"3,364394225"
13/03/2017,"3,357432096"
14/03/2017,"3,35731844"
15/03/2017,"3,328269633"
16/03/2017,"3,360265925"
17/03/2017,"3,317643376"
18/03/2017,"3,31990929"
19/03/2017,"3,315594854"
20/03/2017,"3,2967185"
21/03/2017,"3,337417292"
22/03/2017,"3,328745984"
23/03/2017,"3,384001516"
24/03/2017,"3,351743753"
25/03/2017,"3,3562626"
26/03/2017,"3,372967202"
27/03/2017,"3,394029704"
28/03/2017,"3,394713128"
29/03/2017,"3,358599075"
30/03/2017,"3,363695174"
31/03/2017,"3,321685944"
02/04/2017,"3,33033624"
03/04/2017,"3,3212597"
04/04/2017,"3,306038888"
05/04/2017,"3,329174728"
06/04/2017,"3,343781185"
07/04/2017,"3,330005616"
08/04/2017,"3,327964641"
09/04/2017,"3,327532858"
10/04/2017,"3,318737142"
11/04/2017,"3,328238904"
12/04/2017,"3,332680795"
13/04/2017,"3,335783296"
14/04/2017,"3,332376921"
15/04/2017,"3,33545772"
16/04/2017,"3,335371389"
17/04/2017,"3,331860017"
18/04/2017,"3,33259107"
19/04/2017,"3,373151586"
20/04/2017,"3,371834411"
21/04/2017,"3,371607076"
23/04/2017,"3,42151564"
24/04/2017,"3,3974855"
25/04/2017,"3,43926016"
26/04/2017,"3,459131013"
27/04/2017,"3,455819796"
28/04/2017,"3,456139456"
29/04/2017,"3,457164141"
30/04/2017,"3,463949943"
01/05/2017,"3,463462582"
02/05/2017,"3,44442868"
03/05/2017,"3,442957722"
04/05/2017,"3,497211294"
05/05/2017,"3,490816104"
07/05/2017,"3,484189165"
08/05/2017,"3,492130928"
09/05/2017,"3,46915048"
10/05/2017,"3,44016619"
11/05/2017,"3,4102096"
12/05/2017,"3,390017784"
14/05/2017,"3,472113905"
15/05/2017,"3,412461698"
16/05/2017,"3,434263814"
17/05/2017,"3,495495704"
18/05/2017,"3,74319483"
19/05/2017,"3,644997204"
20/05/2017,"3,645205357"
21/05/2017,"3,645062386"
22/05/2017,"3,669721828"
23/05/2017,"3,653935254"
24/05/2017,"3,676959342"
25/05/2017,"3,669691705"
26/05/2017,"3,638935714"
27/05/2017,"3,64410198"
28/05/2017,"3,551047973"
29/05/2017,"3,62277189"
30/05/2017,"3,637533582"
31/05/2017,"3,62436738"
01/06/2017,"3,64323366"
02/06/2017,"3,65904171"
03/06/2017,"3,66381576"
04/06/2017,"3,665032616"
05/06/2017,"3,70943094"
06/06/2017,"3,6922158"
07/06/2017,"3,677182785"
08/06/2017,"3,645308468"
09/06/2017,"3,687257706"
10/06/2017,"3,68698056"
11/06/2017,"3,558992223"
12/06/2017,"3,713244652"
13/06/2017,"3,714878952"
14/06/2017,"3,669271846"
15/06/2017,"3,648721824"
16/06/2017,"3,684458988"
17/06/2017,"3,67964784"
18/06/2017,"3,6848763"
19/06/2017,"3,656425029"
20/06/2017,"3,70340982"
21/06/2017,"3,72224111"
22/06/2017,"3,72343153"
23/06/2017,"3,70613474"
24/06/2017,"3,706356577"
25/06/2017,"3,741845115"
26/06/2017,"3,68424536"
27/06/2017,"3,75468192"
28/06/2017,"3,732694105"
29/06/2017,"3,778090638"
30/06/2017,"3,742452835"
01/07/2017,"3,773156854"
02/07/2017,"3,629727825"
03/07/2017,"3,752899535"
04/07/2017,"3,7592512"
05/07/2017,"3,72949594"
06/07/2017,"3,766967412"
07/07/2017,"3,737930364"
08/07/2017,"3,735957693"
09/07/2017,"3,623658418"
10/07/2017,"3,70791652"
11/07/2017,"3,732379223"
12/07/2017,"3,661588376"
13/07/2017,"3,6604914"
14/07/2017,"3,64491176"
16/07/2017,"3,646347196"
17/07/2017,"3,649918008"
18/07/2017,"3,641179338"
19/07/2017,"3,628605606"
20/07/2017,"3,626169072"
21/07/2017,"3,65739136"
22/07/2017,"3,6614732"
23/07/2017,"3,711839593"
24/07/2017,"3,659515608"
25/07/2017,"3,692513568"
26/07/2017,"3,679565875"
27/07/2017,"3,684727354"
28/07/2017,"3,673138161"
29/07/2017,"3,67998183"
30/07/2017,"3,732717082"
31/07/2017,"3,695758372"
01/08/2017,"3,68818294"
02/08/2017,"3,687925878"
03/08/2017,"3,6970843"
04/08/2017,"3,67010805"
06/08/2017,"3,685658247"
07/08/2017,"3,686618484"
08/08/2017,"3,674151601"
09/08/2017,"3,70742003"
10/08/2017,"3,735041576"
11/08/2017,"3,76948048"
12/08/2017,"3,7711238"
13/08/2017,"3,757566696"
14/08/2017,"3,752481792"
15/08/2017,"3,719015808"
16/08/2017,"3,710269276"
17/08/2017,"3,71688629"
18/08/2017,"3,693878018"
19/08/2017,"3,6988728"
20/08/2017,"3,735481681"
21/08/2017,"3,73591419"
22/08/2017,"3,717474915"
23/08/2017,"3,70939688"
24/08/2017,"3,71230363"
25/08/2017,"3,762576176"
26/08/2017,"3,76452604"
27/08/2017,"3,775057131"
28/08/2017,"3,787278198"
29/08/2017,"3,787420832"
30/08/2017,"3,75549732"
31/08/2017,"3,74682308"
01/09/2017,"3,71937238"
02/09/2017,"3,72494705"
03/09/2017,"3,775774917"
04/09/2017,"3,733719814"
05/09/2017,"3,71496834"
06/09/2017,"3,694958267"
07/09/2017,"3,725855232"
08/09/2017,"3,70965357"
09/09/2017,"3,71346708"
10/09/2017,"3,818578536"
11/09/2017,"3,70662126"
12/09/2017,"3,73722649"
13/09/2017,"3,722345024"
14/09/2017,"3,71708701"
15/09/2017,"3,710418024"
17/09/2017,"3,71173792"
18/09/2017,"3,748807467"
19/09/2017,"3,75685376"
20/09/2017,"3,716429178"
21/09/2017,"3,744191595"
22/09/2017,"3,724243528"
24/09/2017,"3,725304745"
25/09/2017,"3,742947577"
26/09/2017,"3,728782706"
27/09/2017,"3,750067553"
28/09/2017,"3,747354672"
29/09/2017,"3,708724431"
01/10/2017,"3,73471004"
02/10/2017,"3,699392157"
03/10/2017,"3,689529168"
04/10/2017,"3,68354658"
05/10/2017,"3,691870212"
06/10/2017,"3,707587164"
07/10/2017,"3,66707124"
08/10/2017,"3,705156545"
09/10/2017,"3,74162188"
10/10/2017,"3,75361736"
11/10/2017,"3,760627171"
12/10/2017,"3,74927559"
13/10/2017,"3,711734624"
14/10/2017,"3,715617"
15/10/2017,"3,716731908"
16/10/2017,"3,73936885"
17/10/2017,"3,714824383"
18/10/2017,"3,738974445"
19/10/2017,"3,749583626"
20/10/2017,"3,75594908"
21/10/2017,"3,7604116"
22/10/2017,"3,75026477"
23/10/2017,"3,801972512"
24/10/2017,"3,812746358"
25/10/2017,"3,81863216"
26/10/2017,"3,824335725"
27/10/2017,"3,750311406"
29/10/2017,"3,753629572"
30/10/2017,"3,83036196"
31/10/2017,"3,809476352"
01/11/2017,"3,79793736"
02/11/2017,"3,806099202"
03/11/2017,"3,840988922"
04/11/2017,"3,84892722"
05/11/2017,"3,824058566"
06/11/2017,"3,77146148"
07/11/2017,"3,793512206"
08/11/2017,"3,769199577"
09/11/2017,"3,783533481"
10/11/2017,"3,817117812"
11/11/2017,"3,818440063"
12/11/2017,"3,820380692"
13/11/2017,"3,821173555"
14/11/2017,"3,905193766"
15/11/2017,"3,8999413"
16/11/2017,"3,8511315"
17/11/2017,"3,834384456"
18/11/2017,"3,835737454"
19/11/2017,"3,81791904"
20/11/2017,"3,8192198"
21/11/2017,"3,822864999"
22/11/2017,"3,807566289"
23/11/2017,"3,81541144"
24/11/2017,"3,85093944"
25/11/2017,"3,8551795"
26/11/2017,"3,855297908"
27/11/2017,"3,84086788"
28/11/2017,"3,802627881"
29/11/2017,"3,84573696"
30/11/2017,"3,891975624"
01/12/2017,"3,869627512"
02/12/2017,"3,870865061"
03/12/2017,"3,862885512"
04/12/2017,"3,848123124"
05/12/2017,"3,833534124"
06/12/2017,"3,817735377"
07/12/2017,"3,86969184"
08/12/2017,"3,86816148"
09/12/2017,"3,86776792"
10/12/2017,"3,86875426"
11/12/2017,"3,889833948"
12/12/2017,"3,87816971"
13/12/2017,"3,91539724"
14/12/2017,"3,933053768"
15/12/2017,"3,864542178"
17/12/2017,"3,86576268"
18/12/2017,"3,87719615"
19/12/2017,"3,89259745"
20/12/2017,"3,91545084"
21/12/2017,"3,920740488"
22/12/2017,"3,95185196"
23/12/2017,"3,9552359"
24/12/2017,"3,9545286"
25/12/2017,"3,9599056"
26/12/2017,"3,924443678"
27/12/2017,"3,942860133"
28/12/2017,"3,95279118"
29/12/2017,"3,9696615"
30/12/2017,"3,9722067"
31/12/2017,"3,96978152"
01/01/2018,"3,97680899"
02/01/2018,"3,929851562"
03/01/2018,"3,88577079"
04/01/2018,"3,901737411"
05/01/2018,"3,880177038"
07/01/2018,"3,883793888"
08/01/2018,"3,87701822"
09/01/2018,"3,872977848"
10/01/2018,"3,857354784"
11/01/2018,"3,87037893"
12/01/2018,"3,902945901"
13/01/2018,"3,90325365"
14/01/2018,"3,90229344"
15/01/2018,"3,941664572"
16/01/2018,"3,954414035"
17/01/2018,"3,925670704"
18/01/2018,"3,921503952"
19/01/2018,"3,900348464"
20/01/2018,"3,901602605"
21/01/2018,"3,915040956"
22/01/2018,"3,92213778"
23/01/2018,"3,982738725"
24/01/2018,"3,8967789"
25/01/2018,"3,899544073"
26/01/2018,"3,91499325"
28/01/2018,"3,91587374"
29/01/2018,"3,904188336"
30/01/2018,"3,94537796"
31/01/2018,"3,954569378"
01/02/2018,"3,957535604"
02/02/2018,"4,00857909"
03/02/2018,"4,00857909"
04/02/2018,"4,001983302"
05/02/2018,"4,03300237"
06/02/2018,"4,00311087"
07/02/2018,"4,01118633"
08/02/2018,"4,026886754"
09/02/2018,"4,03170432"
10/02/2018,"4,03170432"
11/02/2018,"4,031953976"
12/02/2018,"4,0519494"
13/02/2018,"4,069391144"
14/02/2018,"4,009507892"
15/02/2018,"4,033935656"
16/02/2018,"4,00688988"
17/02/2018,"4,00688988"
18/02/2018,"4,00651902"
19/02/2018,"4,008300387"
20/02/2018,"4,014081421"
21/02/2018,"4,013004912"
22/02/2018,"4,004315133"
23/02/2018,"3,97875238"
24/02/2018,"3,97420397"
25/02/2018,"3,97738578"
26/02/2018,"3,96850875"
27/02/2018,"3,97278556"
28/02/2018,"3,9554112"
01/03/2018,"3,987555"
02/03/2018,"4,00364085"
03/03/2018,"4,00364085"
04/03/2018,"4,001784912"
05/03/2018,"3,99783832"
06/03/2018,"3,98302072"
07/03/2018,"4,02476319"
08/03/2018,"4,01893605"
09/03/2018,"4,00843338"
11/03/2018,"4,00728227"
12/03/2018,"4,022916773"
13/03/2018,"4,038148453"
14/03/2018,"4,03239375"
15/03/2018,"4,03862405"
16/03/2018,"4,0315305"
18/03/2018,"4,028028402"
19/03/2018,"4,051429965"
20/03/2018,"4,052330325"
21/03/2018,"4,04080269"
22/03/2018,"4,084164276"
23/03/2018,"4,0904538"
24/03/2018,"4,0904538"
25/03/2018,"4,094633865"
26/03/2018,"4,123574504"
27/03/2018,"4,12272203"
28/03/2018,"4,086025107"
29/03/2018,"4,06389963"
30/03/2018,"4,07300844"
31/03/2018,"4,07300844"
01/04/2018,"4,0659177"
02/04/2018,"4,06791448"
03/04/2018,"4,100015138"
04/04/2018,"4,08841222"
05/04/2018,"4,093760744"
06/04/2018,"4,14138366"
07/04/2018,"4,13978505"
08/04/2018,"4,1321919"
09/04/2018,"4,21525357"
10/04/2018,"4,212240552"
11/04/2018,"4,172963203"
12/04/2018,"4,20552423"
13/04/2018,"4,22381352"
15/04/2018,"4,222641302"
16/04/2018,"4,230634884"
17/04/2018,"4,213894166"
18/04/2018,"4,18017438"
19/04/2018,"4,17560488"
20/04/2018,"4,19977454"
21/04/2018,"4,199460471"
22/04/2018,"4,18929264"
23/04/2018,"4,210520587"
24/04/2018,"4,2484217"
25/04/2018,"4,23695148"
26/04/2018,"4,206874038"
27/04/2018,"4,19753614"
29/04/2018,"4,19156301"
30/04/2018,"4,23465582"
01/05/2018,"4,204234632"
02/05/2018,"4,241878488"
03/05/2018,"4,227899676"
04/05/2018,"4,22561184"
05/05/2018,"4,198181367"
06/05/2018,"4,214488465"
07/05/2018,"4,23526036"
08/05/2018,"4,22726292"
09/05/2018,"4,253248895"
10/05/2018,"4,2281644"
11/05/2018,"4,30248943"
12/05/2018,"4,30464205"
13/05/2018,"4,306041964"
14/05/2018,"4,32074988"
15/05/2018,"4,312945835"
16/05/2018,"4,341156624"
17/05/2018,"4,35689241"
18/05/2018,"4,40495985"
19/05/2018,"4,4043704"
20/05/2018,"4,3982276"
21/05/2018,"4,333540029"
22/05/2018,"4,29783188"
23/05/2018,"4,245432576"
24/05/2018,"4,276339301"
25/05/2018,"4,2568722"
26/05/2018,"4,28099805"
27/05/2018,"4,238375084"
28/05/2018,"4,34138092"
29/05/2018,"4,296270724"
30/05/2018,"4,34108523"
31/05/2018,"4,35202294"
01/06/2018,"4,39218524"
02/06/2018,"4,386801322"
03/06/2018,"4,38865872"
04/06/2018,"4,381065"
05/06/2018,"4,46016132"
06/06/2018,"4,528332314"
07/06/2018,"4,59970544"
08/06/2018,"4,3673172"
09/06/2018,"4,36383405"
10/06/2018,"4,365594817"
11/06/2018,"4,36655568"
12/06/2018,"4,3640848"
13/06/2018,"4,38967152"
14/06/2018,"4,39966836"
15/06/2018,"4,3324008"
17/06/2018,"4,322719197"
18/06/2018,"4,356718214"
19/06/2018,"4,339706"
20/06/2018,"4,364014744"
21/06/2018,"4,36939855"
22/06/2018,"4,41569766"
24/06/2018,"4,415090841"
25/06/2018,"4,416980253"
26/06/2018,"4,421993126"
27/06/2018,"4,463510832"
28/06/2018,"4,462392495"
29/06/2018,"4,53522712"
30/06/2018,"4,5351101"
01/07/2018,"4,52553812"
02/07/2018,"4,5542664"
03/07/2018,"4,542462392"
04/07/2018,"4,56081265"
05/07/2018,"4,596554586"
06/07/2018,"4,53877354"
07/07/2018,"4,53842095"
08/07/2018,"4,543012385"
09/07/2018,"4,55110028"
10/07/2018,"4,473433656"
11/07/2018,"4,525269228"
12/07/2018,"4,526526094"
13/07/2018,"4,504149"
14/07/2018,"4,50244322"
15/07/2018,"4,495483296"
16/07/2018,"4,51491328"
17/07/2018,"4,46997427"
18/07/2018,"4,482316416"
19/07/2018,"4,462001895"
20/07/2018,"4,41655495"
21/07/2018,"4,413809277"
22/07/2018,"4,427371696"
23/07/2018,"4,420535132"
24/07/2018,"4,37694324"
25/07/2018,"4,32635904"
26/07/2018,"4,359226389"
27/07/2018,"4,33204178"
29/07/2018,"4,3271426"
30/07/2018,"4,364561232"
31/07/2018,"4,3868817"
01/08/2018,"4,37031345"
02/08/2018,"4,34177172"
03/08/2018,"4,29133955"
05/08/2018,"4,280525214"
06/08/2018,"4,31596165"
07/08/2018,"4,35095505"
08/08/2018,"4,3770861"
09/08/2018,"4,378355072"
10/08/2018,"4,40804916"
12/08/2018,"4,403579642"
13/08/2018,"4,42559646"
14/08/2018,"4,3841618"
15/08/2018,"4,423397418"
16/08/2018,"4,439007573"
17/08/2018,"4,47474677"
19/08/2018,"4,471677358"
20/08/2018,"4,55717196"
21/08/2018,"4,68589584"
22/08/2018,"4,67634496"
23/08/2018,"4,745470831"
24/08/2018,"4,77324609"
26/08/2018,"4,77894144"
27/08/2018,"4,76292775"
28/08/2018,"4,832818473"
29/08/2018,"4,807171005"
30/08/2018,"4,838968526"
31/08/2018,"4,710748"
01/09/2018,"4,7105156"
02/09/2018,"4,70148126"
03/09/2018,"4,825758652"
04/09/2018,"4,812435283"
05/09/2018,"4,820041109"
06/09/2018,"4,714339162"
07/09/2018,"4,6952217"
08/09/2018,"4,6952217"
09/09/2018,"4,6746328"
10/09/2018,"4,735358472"
11/09/2018,"4,8137802"
12/09/2018,"4,836017088"
13/09/2018,"4,9160655"
14/09/2018,"4,85340393"
16/09/2018,"4,8507844"
17/09/2018,"4,821582206"
18/09/2018,"4,856678528"
19/09/2018,"4,821670917"
20/09/2018,"4,79949"
21/09/2018,"4,76521624"
22/09/2018,"4,76521624"
23/09/2018,"4,75794"
24/09/2018,"4,80809576"
25/09/2018,"4,791653472"
26/09/2018,"4,735262916"
27/09/2018,"4,66868416"
28/09/2018,"4,703776"
30/09/2018,"4,702915188"
01/10/2018,"4,64978628"
02/10/2018,"4,55059524"
03/10/2018,"4,47531896"
04/10/2018,"4,461725586"
05/10/2018,"4,42382814"
06/10/2018,"4,423256148"
07/10/2018,"4,41922518"
08/10/2018,"4,34113596"
09/10/2018,"4,27350592"
10/10/2018,"4,330373292"
11/10/2018,"4,38268287"
12/10/2018,"4,37682384"
14/10/2018,"4,367974896"
15/10/2018,"4,324864353"
16/10/2018,"4,309918056"
17/10/2018,"4,239166862"
18/10/2018,"4,261194417"
19/10/2018,"4,27887306"
21/10/2018,"4,27050372"
22/10/2018,"4,221462366"
23/10/2018,"4,235810508"
24/10/2018,"4,252931646"
25/10/2018,"4,21358277"
26/10/2018,"4,15945699"
27/10/2018,"4,15968545"
28/10/2018,"4,14996736"
29/10/2018,"4,22690829"
30/10/2018,"4,191745376"
31/10/2018,"4,210418534"
01/11/2018,"4,213146674"
02/11/2018,"4,20613006"
04/11/2018,"4,21615"
05/11/2018,"4,24939614"
06/11/2018,"4,300460823"
07/11/2018,"4,26533936"
08/11/2018,"4,273345784"
09/11/2018,"4,23093528"
10/11/2018,"4,23093528"
11/11/2018,"4,22317256"
12/11/2018,"4,22740736"
13/11/2018,"4,29900326"
14/11/2018,"4,278310464"
15/11/2018,"4,283568"
16/11/2018,"4,27538779"
17/11/2018,"4,26899315"
18/11/2018,"4,2713901"
19/11/2018,"4,300327304"
20/11/2018,"4,270831812"
21/11/2018,"4,322846836"
22/11/2018,"4,336446744"
23/11/2018,"4,34337618"
24/11/2018,"4,337166813"
25/11/2018,"4,16382299"
26/11/2018,"4,464743819"
27/11/2018,"4,37589295"
28/11/2018,"4,37577056"
29/11/2018,"4,3870592"
30/11/2018,"4,37386032"
01/12/2018,"4,37128461"
02/12/2018,"4,383677928"
03/12/2018,"4,3629"
04/12/2018,"4,3701"
05/12/2018,"4,3914"
06/12/2018,"4,4131"
07/12/2018,"4,4504"
08/12/2018,"4,447468596"
09/12/2018,"4,452572942"
10/12/2018,"4,4487"
11/12/2018,"4,4203"
12/12/2018,"4,3866"
13/12/2018,"4,4224"
14/12/2018,"4,4283"
15/12/2018,"4,429919399"
16/12/2018,"4,426433595"
17/12/2018,"4,4257"
18/12/2018,"4,4498"
19/12/2018,"4,4389"
20/12/2018,"4,4009"
21/12/2018,"4,4396"
22/12/2018,"4,44205314"
23/12/2018,"4,370752914"
24/12/2018,"4,4496"
25/12/2018,"4,4495"
26/12/2018,"4,4495"
27/12/2018,"4,4288"
28/12/2018,"4,4423"
29/12/2018,"4,440288024"
30/12/2018,"4,43169738"
31/12/2018,"4,4466"
01/01/2019,"4,446675792"
02/01/2019,"4,2908"
03/01/2019,"4,2796"
04/01/2019,"4,234"
05/01/2019,"4,23150372"
06/01/2019,"4,177319364"
07/01/2019,"4,2881"
08/01/2019,"4,2538"
09/01/2019,"4,2529"
10/01/2019,"4,2686"
11/01/2019,"4,2569"
12/01/2019,"4,25451332"
13/01/2019,"4,1939016"
14/01/2019,"4,2434"
15/01/2019,"4,2436"
16/01/2019,"4,2579"
17/01/2019,"4,2723"
18/01/2019,"4,2659"
19/01/2019,"4,268095497"
20/01/2019,"4,262027296"
21/01/2019,"4,2698"
22/01/2019,"4,3354"
23/01/2019,"4,2879"
24/01/2019,"4,2665"
25/01/2019,"4,3041"
26/01/2019,"4,3041"
27/01/2019,"4,302018304"
28/01/2019,"4,2997"
29/01/2019,"4,2546"
30/01/2019,"4,2317"
31/01/2019,"4,1718"
01/02/2019,"4,1918"
02/02/2019,"4,193193891"
03/02/2019,"4,189217712"
04/02/2019,"4,1953"
05/02/2019,"4,1862"
06/02/2019,"4,2039"
07/02/2019,"4,2149"
08/02/2019,"4,226"
09/02/2019,"4,2251"
10/02/2019,"4,22208021"
11/02/2019,"4,2391"
12/02/2019,"4,2049"
13/02/2019,"4,2295"
14/02/2019,"4,2075"
15/02/2019,"4,1825"
16/02/2019,"4,1780205"
17/02/2019,"4,1190606"
18/02/2019,"4,2226"
19/02/2019,"4,2228"
20/02/2019,"4,2261"
21/02/2019,"4,2737"
22/02/2019,"4,2506"
23/02/2019,"4,2506"
24/02/2019,"4,248828682"
25/02/2019,"4,264"
26/02/2019,"4,2702"
27/02/2019,"4,2431"
28/02/2019,"4,2654"
01/03/2019,"4,2903"
02/03/2019,"4,29182352"
03/03/2019,"4,293318299"
04/03/2019,"4,2805"
05/03/2019,"4,2686"
06/03/2019,"4,3432"
07/03/2019,"4,3346"
08/03/2019,"4,3512"
09/03/2019,"4,34923305"
10/03/2019,"4,342889627"
11/03/2019,"4,322"
12/03/2019,"4,3052"
13/03/2019,"4,325"
14/03/2019,"4,3451"
15/03/2019,"4,3129"
16/03/2019,"4,32735571"
17/03/2019,"4,31778513"
18/03/2019,"4,2986"
19/03/2019,"4,302"
20/03/2019,"4,3136"
21/03/2019,"4,315"
22/03/2019,"4,2852"
23/03/2019,"4,421209558"
24/03/2019,"4,413732255"
25/03/2019,"4,3701"
26/03/2019,"4,3632"
27/03/2019,"4,4921"
28/03/2019,"4,3806"
29/03/2019,"4,4042"
30/03/2019,"4,4042"
31/03/2019,"4,4042"
01/04/2019,"4,3168"
02/04/2019,"4,3178"
03/04/2019,"4,352"
04/04/2019,"4,3312"
05/04/2019,"4,3502"
06/04/2019,"4,3502"
07/04/2019,"4,3502"
08/04/2019,"4,3366"
09/04/2019,"4,3374"
10/04/2019,"4,3136"
11/04/2019,"4,3441"
12/04/2019,"4,3895"
13/04/2019,"4,3636"
14/04/2019,"4,3636"
15/04/2019,"4,3771"
16/04/2019,"4,4067"
17/04/2019,"4,4499"
18/04/2019,"4,4114"
19/04/2019,"4,4134"
20/04/2019,"4,4134"
21/04/2019,"4,4134"
22/04/2019,"4,4324"
23/04/2019,"4,3993"
24/04/2019,"4,4508"
25/04/2019,"4,404"
26/04/2019,"4,3827"
27/04/2019,"4,3817"
28/04/2019,"4,3817"
29/04/2019,"4,4134"
30/04/2019,"4,4106"
01/05/2019,"4,4238"
02/05/2019,"4,4337"
03/05/2019,"4,4137"
04/05/2019,"4,4137"
05/05/2019,"4,4137"
06/05/2019,"4,4459"
07/05/2019,"4,4427"
08/05/2019,"4,3979"
09/05/2019,"4,4282"
10/05/2019,"4,4464"
11/05/2019,"4,4464"
12/05/2019,"4,4464"
13/05/2019,"4,4847"
14/05/2019,"4,456"
15/05/2019,"4,4842"
16/05/2019,"4,5234"
17/05/2019,"4,5729"
18/05/2019,"4,5744"
19/05/2019,"4,5744"
20/05/2019,"4,575"
21/05/2019,"4,5095"
22/05/2019,"4,5071"
23/05/2019,"4,5203"
24/05/2019,"4,5105"
25/05/2019,"4,5076"
26/05/2019,"4,5076"
27/05/2019,"4,5253"
28/05/2019,"4,4955"
29/05/2019,"4,4264"
30/05/2019,"4,4315"
31/05/2019,"4,3852"
01/06/2019,"4,3838"
02/06/2019,"4,3838"
03/06/2019,"4,3699"
04/06/2019,"4,3386"
05/06/2019,"4,3583"
06/06/2019,"4,3755"
07/06/2019,"4,3985"
08/06/2019,"4,3985"
09/06/2019,"4,3985"
10/06/2019,"4,3975"
11/06/2019,"4,3691"
12/06/2019,"4,3676"
13/06/2019,"4,3418"
14/06/2019,"4,37"
15/06/2019,"4,3688"
16/06/2019,"4,3688"
17/06/2019,"4,3653"
18/06/2019,"4,3233"
19/06/2019,"4,314"
20/06/2019,"4,3363"
21/06/2019,"4,3457"
22/06/2019,"4,3457"
23/06/2019,"4,3457"
24/06/2019,"4,3624"
25/06/2019,"4,3732"
26/06/2019,"4,3726"
27/06/2019,"4,3435"
28/06/2019,"4,3763"
29/06/2019,"4,377"